Date,Actual,Predicted,Window,ActualReturn,Error,PercentError,VolatilityPct,Trend,MarketCondition
2022-06-15 00:00:00+00:00,109.7645035,117.20484,0,,-7.440338113769528,-6.778455581288652,,,Normal
2022-06-16 00:00:00+00:00,106.0335007,117.20484,0,-0.03399097778454396,-11.171340913769527,-10.535671122824228,,,Normal
2022-06-17 00:00:00+00:00,107.1435013,117.20484,0,0.010468395296506339,-10.061340313769534,-9.390527835746147,,,Normal
2022-06-21 00:00:00+00:00,111.5439987,116.44914,0,0.04107106214196499,-4.9051437560546844,-4.397496784427798,,,Normal
2022-06-22 00:00:00+00:00,111.4875031,116.44914,0,-0.0005064871320594744,-4.96163935605469,-4.450399567747329,,,Normal
2022-06-23 00:00:00+00:00,112.2419968,116.44914,0,0.006767518143475204,-4.207145656054692,-3.7482811924232378,,,Normal
2022-06-24 00:00:00+00:00,117.9749985,116.44914,0,0.051077153502671946,1.5258560439453106,1.293372378339391,,,Normal
2022-06-27 00:00:00+00:00,115.8335037,119.692795,0,-0.018152107033084675,-3.859291099804693,-3.331757200231088,,,Normal
2022-06-28 00:00:00+00:00,112.0074997,117.07683,0,-0.03303020177917659,-5.069328302929691,-4.525882924364296,,,Normal
2022-06-29 00:00:00+00:00,111.7014999,116.44914,0,-0.002731958135121171,-4.747642556054686,-4.250294365165177,,,Normal
2022-06-30 00:00:00+00:00,108.9629974,116.44914,0,-0.02451625539900204,-7.486145056054681,-6.8703552900378275,,,Normal
2022-07-01 00:00:00+00:00,108.7375031,116.44914,0,-0.0020694575716582175,-7.71163935605469,-7.091977593933449,,,Normal
2022-07-05 00:00:00+00:00,113.2630005,116.44914,0,0.04161855175061491,-3.1861419560546835,-2.8130474576776585,,,Normal
2022-07-06 00:00:00+00:00,114.5719986,116.44914,0,0.011557155418993048,-1.877143856054687,-1.638396710358762,,,Normal
2022-07-07 00:00:00+00:00,118.7829971,117.83253,0,0.03675416813406285,0.9504699393554716,0.8001733939709387,,,Normal
2022-07-08 00:00:00+00:00,119.3535004,120.32432,0,0.004802903731413011,-0.9708175321289048,-0.8133967825621516,,,Normal
2022-07-11 00:00:00+00:00,115.6764984,121.08002,0,-0.03080765949617681,-5.40351868984375,-4.67123293372766,,,Normal
2022-07-12 00:00:00+00:00,114.0205002,117.83253,0,-0.014315770471143519,-3.8120269606445305,-3.3432820887103336,,,Normal
2022-07-13 00:00:00+00:00,111.3535004,117.83253,0,-0.023390528855090964,-6.47902676064453,-5.818431156066764,,,Normal
2022-07-14 00:00:00+00:00,110.3675003,116.44914,0,-0.008854684374160926,-6.081642156054684,-5.510355982987398,,,Normal
2022-07-15 00:00:00+00:00,111.7774963,116.44914,0,0.012775463756697913,-4.671646156054692,-4.179415634356709,,,Normal
2022-07-18 00:00:00+00:00,109.0299988,114.53305,1,-0.024580059412191324,-5.503051737109374,-5.0472822137730535,41.13090694736437,-0.03497641428573672,High Volatility
2022-07-19 00:00:00+00:00,113.8099976,113.71787,1,0.04384113411546697,0.0921249803710964,0.0809462984920548,41.85754021965033,0.3703093761905052,High Volatility
2022-07-20 00:00:00+00:00,113.9000015,115.888664,1,0.0007908259546436369,-1.9886627456054669,-1.7459725368005958,41.794676758814255,0.32173810476187725,High Volatility
2022-07-21 00:00:00+00:00,114.3399963,116.70384,1,0.0038629920474584356,-2.363845863085942,-2.067383190116425,39.474479738895354,0.1331427428571601,High Volatility
2022-07-22 00:00:00+00:00,107.9000015,116.70384,1,-0.056323202802132655,-8.803840663085936,-8.159259073861955,44.27088591776664,-0.17083340952380865,High Volatility
2022-07-25 00:00:00+00:00,107.5100021,114.53305,1,-0.0036144522203738205,-7.023048437109381,-6.532460515233662,44.181838897254664,-0.2253330809523817,High Volatility
2022-07-26 00:00:00+00:00,105.0199966,114.53305,1,-0.02316068692551909,-9.513053937109376,-9.058326266513491,40.32846550398662,-0.616904852380955,High Volatility
2022-07-27 00:00:00+00:00,113.0599976,114.53305,1,0.07655685831549541,-1.4730529371093724,-1.30289489508124,48.92879462590148,-0.13207171904763015,High Volatility
2022-07-28 00:00:00+00:00,114.2200012,116.70384,1,0.010260070976686464,-2.483840963085939,-2.174611221319037,47.60554326186182,0.10535721428571776,High Volatility
2022-07-29 00:00:00+00:00,116.3199997,116.70384,1,0.01838555837801903,-0.3838424630859407,-0.3299883632014321,47.93800550588688,0.21992856190476573,High Volatility
2022-08-01 00:00:00+00:00,114.8600006,116.70384,1,-0.012551574138286337,-1.843841563085931,-1.6052947531378745,47.267265193599215,0.28080967619048636,High Volatility
2022-08-02 00:00:00+00:00,115.1299973,116.70384,1,0.0023506590509281278,-1.573844863085938,-1.367015460779428,47.233142012757284,0.30440448571427225,High Volatility
2022-08-03 00:00:00+00:00,118.0800018,116.70384,1,0.0256232482340204,1.3761596369140676,1.165446829214113,45.89744103533277,0.2293810142857069,High Volatility
2022-08-04 00:00:00+00:00,118.1900024,118.85334,1,0.0009315768828179749,-0.6633377489257839,-0.5612469205989151,45.77715620995936,0.17228589523810456,High Volatility
2022-08-05 00:00:00+00:00,117.4700012,118.85334,1,-0.006091895975796957,-1.3833389489257826,-1.177610398224617,44.036632450487154,-0.06252361428572328,High Volatility
2022-08-08 00:00:00+00:00,117.3000031,118.85334,1,-0.0014471618137686937,-1.5533370489257834,-1.3242429734648347,44.00096304272218,-0.09778558571427709,High Volatility
2022-08-09 00:00:00+00:00,116.6299973,116.490746,1,-0.005711899252285657,0.13925175556640568,0.1193961749036289,42.65873555834502,0.04540470952382236,High Volatility
2022-08-10 00:00:00+00:00,119.6999969,116.490746,1,0.026322555698112815,3.2092513555664084,2.681078896140229,43.17244246270964,0.2704522238095137,High Volatility
2022-08-11 00:00:00+00:00,118.8399963,120.47659,1,-0.0071846334358594,-1.6365967175781293,-1.3771430229993447,42.296167771101175,0.3564998047619099,High Volatility
2022-08-12 00:00:00+00:00,121.6800003,118.95021,1,0.02389771195238599,2.7297897287109407,2.243416931279331,42.61736733640399,0.5386904761904674,High Volatility
2022-08-15 00:00:00+00:00,122.0800018,119.661415,1,0.0032873232989301115,2.418586699902349,1.9811489713644062,42.52580551939626,0.49059549999999774,High Volatility
2022-08-16 00:00:00+00:00,121.6999969,119.654205,2,-0.003112753066817242,2.045791577734377,1.6810120212372635,41.30600393295574,0.603333242857147,High Volatility
2022-08-17 00:00:00+00:00,119.5500031,119.654205,2,-0.017666342274163194,-0.10420222226562714,-0.08716204062200242,39.584410530922625,0.27333359523808554,High Volatility
2022-08-18 00:00:00+00:00,120.1699982,118.82544,2,0.005186073474890529,1.3445587468749949,1.1188805583879877,39.58784471619994,0.2985712714285853,High Volatility
2022-08-19 00:00:00+00:00,117.2099991,118.82544,2,-0.02463176453638316,-1.6154403531249955,-1.3782444889763636,40.71044742328932,0.13666680000000042,High Volatility
2022-08-22 00:00:00+00:00,114.2399979,116.833885,2,-0.025339145318703404,-2.593887292871088,-2.2705596468424725,36.34737673065585,0.3019045904761839,High Volatility
2022-08-23 00:00:00+00:00,113.8600006,115.388435,2,-0.003326306958904457,-1.5284347637695248,-1.34238077965505,36.3409400433534,0.30238088095238425,High Volatility
2022-08-24 00:00:00+00:00,113.6900024,115.75873,2,-0.0014930458379077693,-2.0687256273437526,-1.8196196531558457,35.132156370875165,0.41285741904762574,High Volatility
2022-08-25 00:00:00+00:00,116.6500015,116.2172,2,0.02603570267846167,0.43280026708984565,0.37102465625758746,24.838640801387733,0.1709525666666707,Normal
2022-08-26 00:00:00+00:00,110.3399963,117.66265,2,-0.05409348580248419,-7.322654762011723,-6.636446445133444,31.2022151438134,-0.18476213809526598,High Volatility
2022-08-29 00:00:00+00:00,109.4199982,114.691414,2,-0.008337847841671575,-5.271415679394536,-4.8175980315402125,30.424314624812602,-0.32857149999998114,High Volatility
2022-08-30 00:00:00+00:00,108.9400024,114.691414,2,-0.004386728275416862,-5.751411479394534,-5.279430285192039,30.22304826304828,-0.28190467619047865,High Volatility
2022-08-31 00:00:00+00:00,108.2200012,114.691414,2,-0.006609153516963784,-6.471412679394533,-5.979867499201739,30.20711747204044,-0.3290474333333435,High Volatility
2022-09-01 00:00:00+00:00,109.7399979,114.691414,2,0.01404543229666877,-4.951415979394525,-4.5119519538413675,29.081232624994318,-0.3971430428571381,Normal
2022-09-02 00:00:00+00:00,107.8499985,113.86265,2,-0.017222520832579802,-6.012649510253908,-5.575011213610641,29.42473668862342,-0.4923811380952401,Normal
2022-09-06 00:00:00+00:00,106.8099976,113.86265,2,-0.009643031195776919,-7.052650410253904,-6.602987144205219,29.479400759973306,-0.5076192190475979,Normal
2022-09-07 00:00:00+00:00,109.4499969,113.86265,2,0.02471678081940154,-4.412651110253904,-4.03165942004143,31.15037811321163,-0.37380981904763644,High Volatility
2022-09-08 00:00:00+00:00,108.3799973,113.86265,2,-0.009776150117003835,-5.482650710253907,-5.058729329064033,31.224912626362254,-0.3928571428571388,High Volatility
2022-09-09 00:00:00+00:00,110.6500015,114.691414,2,0.020944863042545947,-4.041412379394529,-3.652428671132489,30.632003593393538,-0.4309521619047558,High Volatility
2022-09-12 00:00:00+00:00,110.8600006,113.86265,2,0.0018978680266896752,-3.0026474102539,-2.708503873356374,30.65806715748446,-0.37999979523812044,High Volatility
2022-09-13 00:00:00+00:00,104.3199997,114.691414,2,-0.05899333271336826,-10.371414179394534,-9.941923130004126,34.64046068838098,-0.8266666952380746,High Volatility
2022-09-14 00:00:00+00:00,105.0,114.691414,2,0.006518407802487802,-9.691413879394531,-9.229917980375744,34.78001476785805,-0.8133334190476234,High Volatility
2022-09-15 00:00:00+00:00,102.9100037,112.52429,3,-0.01990472666666665,-9.614288292187496,-9.34242342485456,35.034011574955564,-0.8947615809523768,High Volatility
2022-09-16 00:00:00+00:00,102.8000031,112.52429,3,-0.0010689009430091545,-9.724288892187502,-9.459424707145269,34.91173976747079,-0.797619047619051,High Volatility
2022-09-19 00:00:00+00:00,103.0699997,112.52429,3,0.002626425990837289,-9.454292292187503,-9.172690714762371,34.81094725386618,-0.8142856428571292,High Volatility
2022-09-20 00:00:00+00:00,101.1399994,112.52429,3,-0.018725141220700015,-11.384292592187506,-11.255974549855008,34.49373939953691,-0.7652380809523862,High Volatility
2022-09-21 00:00:00+00:00,99.27999878,112.52429,3,-0.018390356249102346,-13.2442932121875,-13.34034385066448,34.104149375512485,-0.7123809104762131,High Volatility
2022-09-22 00:00:00+00:00,100.1399994,112.844124,3,0.008662375408623024,-12.704124440332038,-12.686363607399862,34.49260030300915,-0.6533333904761776,High Volatility
2022-09-23 00:00:00+00:00,98.73999786,112.844124,3,-0.013980442863873122,-14.104125980332029,-14.284106021887682,34.564276143119635,-0.7119049780952338,High Volatility
2022-09-26 00:00:00+00:00,98.16999817,112.52429,3,-0.005772733465198021,-14.3542938221875,-14.621874391125397,32.49025371139046,-0.8800001585714483,High Volatility
2022-09-27 00:00:00+00:00,97.5,113.5011,3,-0.006824877075374602,-16.0010986328125,-16.411383213141026,27.82797048005231,-0.6114283952380788,Normal
2022-09-28 00:00:00+00:00,100.0500031,112.52429,3,0.02615387794871782,-12.474288892187502,-12.468054478438596,29.907294874737445,-0.44619024285714204,Normal
2022-09-29 00:00:00+00:00,97.41999817,112.52429,3,-0.02628690503258968,-15.1042938221875,-15.504305179548641,30.88170200873051,-0.5485716300000121,High Volatility
2022-09-30 00:00:00+00:00,95.65000153,112.52429,3,-0.01816871970076739,-16.874290462187503,-17.641704330652825,31.209561004119713,-0.5985714128571118,High Volatility
2022-10-03 00:00:00+00:00,98.63999939,112.52429,3,0.03125977848586037,-13.8842926021875,-14.075722514243113,33.09301665724779,-0.5285713576190574,High Volatility
2022-10-04 00:00:00+00:00,101.6399994,112.52429,3,0.03041362559359606,-10.884292592187506,-10.70867046088108,34.91419974526507,-0.2957142428571444,High Volatility
2022-10-05 00:00:00+00:00,101.4300003,112.52429,3,-0.002066106859894279,-11.094291692187497,-10.937879975721046,34.81980958555451,-0.2561903476190537,High Volatility
2022-10-06 00:00:00+00:00,101.4199982,112.52429,3,-9.861086434415078e-05,-11.104293792187505,-10.948820734831669,33.43387499255513,-0.38238089047619894,High Volatility
2022-10-07 00:00:00+00:00,98.68000031,112.52429,3,-0.027016347255269357,-13.844291682187503,-14.02948078505889,34.367937158134694,-0.46190461857142395,High Volatility
2022-10-10 00:00:00+00:00,97.86000061,112.52429,3,-0.008309684813781915,-14.6642913821875,-14.984969641098697,33.140085751374,-0.6090476614285762,High Volatility
2022-10-11 00:00:00+00:00,97.18000031,112.844124,3,-0.0069487052499621615,-15.664123530332034,-16.118669973620246,33.02864000912143,-0.6514285852380937,High Volatility
2022-10-12 00:00:00+00:00,97.55999756,112.52429,3,0.003910241292321759,-14.9642944321875,-15.338555562165086,26.951346062441537,-0.32190486380952166,Normal
2022-10-13 00:00:00+00:00,99.05999756,112.52429,3,0.015375154136074043,-13.4642944321875,-13.592060129046807,27.516183746263984,-0.28285725904763126,Normal
2022-10-14 00:00:00+00:00,96.55999756,106.19401,4,-0.02523723058327121,-9.634010313535157,-9.977227171685481,27.995904899593416,-0.3023812447618752,Normal
2022-10-17 00:00:00+00:00,99.97000122,106.19401,4,0.03531486895368974,-6.224006653535156,-6.225874339881454,30.971525280526535,-0.1347619942857392,High Volatility
2022-10-18 00:00:00+00:00,100.7699966,105.72131,4,0.00800235440869379,-4.951316876562501,-4.913483222805329,31.10975557074822,-0.1095239571428408,High Volatility
2022-10-19 00:00:00+00:00,99.62999725,105.72131,4,-0.011312884672658563,-6.091316226562498,-6.113937965166909,30.677348259384956,-0.0719048642857274,High Volatility
2022-10-20 00:00:00+00:00,99.97000122,105.72131,4,0.003412666660492114,-5.7513122565625,-5.753038097804776,30.001051865246247,0.03285725904763126,High Volatility
2022-10-21 00:00:00+00:00,101.1299973,105.72131,4,0.011603441690945182,-4.591316176562501,-4.540014139368024,30.118952131990163,0.047142757142836444,High Volatility
2022-10-24 00:00:00+00:00,102.5199966,105.72131,4,0.013744678504010954,-3.201316876562501,-3.1226267876822202,29.954128268452507,0.17999994000001607,Normal
2022-10-25 00:00:00+00:00,104.4800034,105.72131,4,0.019118287797524225,-1.241310076562499,-1.18808387841467,30.382513277279244,0.3004764395237913,High Volatility
2022-10-26 00:00:00+00:00,94.93000031,106.50314,4,-0.09140508019929872,-11.573143000546878,-12.191238768307214,44.654767740308365,-0.12238093761902746,High Volatility
2022-10-27 00:00:00+00:00,92.22000122,105.72131,4,-0.028547341000214055,-13.5013122565625,-14.640329731024156,44.50191855516344,-0.3728572323809658,High Volatility
2022-10-28 00:00:00+00:00,96.29000092,105.72131,4,0.044133589743624135,-9.431312556562503,-9.794695676032093,46.59305838596096,-0.05380939285714703,High Volatility
2022-10-31 00:00:00+00:00,94.51000214,105.72131,4,-0.018485811226431115,-11.211311336562503,-11.86256595355369,46.60864969487714,-0.05428568523807087,High Volatility
2022-11-01 00:00:00+00:00,90.47000122,105.72131,4,-0.042746808046998486,-15.2513122565625,-16.857866752400273,47.36909531952921,-0.3890475319047795,High Volatility
2022-11-02 00:00:00+00:00,86.97000122,105.72131,4,-0.03868685700013297,-18.7513122565625,-21.560666889182894,47.151293598416174,-0.6985713419047386,High Volatility
2022-11-03 00:00:00+00:00,83.43000031,107.40608,4,-0.04070370082029995,-23.976081843320316,-28.737962069079032,48.52522980831381,-0.8571428566666839,High Volatility
2022-11-04 00:00:00+00:00,86.58000183,105.72131,4,0.0377562208833222,-19.1413116465625,-22.108236592725536,51.08523039087228,-0.7066664938095215,High Volatility
2022-11-07 00:00:00+00:00,88.48999786,106.933395,4,0.022060475740694585,-18.443397525742185,-20.842352776323352,51.48973293633814,-0.4852382119047718,High Volatility
2022-11-08 00:00:00+00:00,88.90000153,106.933395,4,0.004633333483052615,-18.03339385574219,-20.285032109540158,51.56942459138586,-0.42666662285714096,High Volatility
2022-11-09 00:00:00+00:00,87.31999969,106.933395,4,-0.017772798794236322,-19.613395695742184,-22.46151599332671,51.78201329103219,-0.46952383904761064,High Volatility
2022-11-10 00:00:00+00:00,93.94000244,106.933395,4,0.07581313299933656,-12.993392945742187,-13.831586766288556,58.781969512174335,-0.1723807200000067,High Volatility
2022-11-11 00:00:00+00:00,96.41000366,105.72131,4,0.02629339105646289,-9.311309816562499,-9.658032842110256,59.28796961984113,-0.12619018571427887,High Volatility
2022-11-14 00:00:00+00:00,95.69999695,99.663025,5,-0.007364450607261874,-3.963027952343751,-4.141095171000161,58.6729873919708,-0.040952410000002715,High Volatility
2022-11-15 00:00:00+00:00,98.44000244,99.663025,5,0.028631197255226226,-1.2230224623437493,-1.242403933389977,58.213310855037214,-0.07285708476190678,High Volatility
2022-11-16 00:00:00+00:00,98.84999847,101.92139,5,0.004164933155603068,-3.0713882487499973,-3.107120178339844,58.161277437961175,-0.09142848238094814,High Volatility
2022-11-17 00:00:00+00:00,98.36000061,101.92139,5,-0.004956983991746933,-3.56138610875,-3.6207666598854447,58.0507873508735,-0.06047603047619532,High Volatility
2022-11-18 00:00:00+00:00,97.43000031,100.56601,5,-0.00945506602513635,-3.136009211484378,-3.2187305773440555,58.12748564156761,-0.1209524242857043,High Volatility
2022-11-21 00:00:00+00:00,95.59999847,99.663025,5,-0.018782734621547226,-4.063026432343747,-4.250027716913359,58.27789737631929,-0.26333327761905423,High Volatility
2022-11-22 00:00:00+00:00,97.05000305,99.663025,5,0.015167412167428118,-2.613021852343749,-2.6924490162020134,58.32847227938005,-0.26047588333332783,High Volatility
2022-11-23 00:00:00+00:00,98.45999908,99.663025,5,0.014528552145161466,-1.203025822343747,-1.2218422035188863,58.14086746979282,-0.28666687238094823,High Volatility
2022-11-25 00:00:00+00:00,97.45999908,100.56601,5,-0.01015640878878632,-3.106010441484372,-3.1869592353831284,48.43155147701221,0.12047613190475204,High Volatility
2022-11-28 00:00:00+00:00,96.05000305,99.663025,5,-0.014467433237328575,-3.613021852343749,-3.761605140671309,47.56167145091989,0.18238103952380413,High Volatility
2022-11-29 00:00:00+00:00,95.19000244,101.0184,5,-0.008953676030101887,-5.828399659609374,-6.122911556056657,45.18278798706962,-0.052380880000001184,High Volatility
2022-11-30 00:00:00+00:00,100.9899979,99.663025,5,0.060930720782950365,1.3269729976562559,1.3139647739870444,49.312138537766955,0.308571226666686,High Volatility
2022-12-01 00:00:00+00:00,100.9899979,102.254776,5,0.0,-1.2647781009765566,-1.2523795695381004,46.38463475067371,0.500952222857137,High Volatility
2022-12-02 00:00:00+00:00,100.4400024,102.254776,5,-0.005446039325048946,-1.8147736009765651,-1.8068235340629235,43.73466557531416,0.6414286276190495,High Volatility
2022-12-05 00:00:00+00:00,99.48000336,101.50374,5,-0.009557935255485428,-2.0237350433203147,-2.034313404671677,40.655572021751816,0.7642858595238096,High Volatility
2022-12-06 00:00:00+00:00,96.98000336,102.859116,5,-0.025130678684770036,-5.87911224058594,-6.062190180342699,40.832029722390885,0.49523816809524135,High Volatility
2022-12-07 00:00:00+00:00,94.94000244,99.663025,5,-0.021035273760790618,-4.723022462343749,-4.974744408005041,41.38471573397262,0.3071430752380877,High Volatility
2022-12-08 00:00:00+00:00,93.70999908,101.0184,5,-0.012955585932045155,-7.308403019609372,-7.798957519325345,41.77980379065905,0.22904750238095062,High Volatility
2022-12-09 00:00:00+00:00,92.83000183,101.0184,5,-0.009390644100302992,-8.188400269609375,-8.820855443485641,41.357677019007674,0.26238105428571146,High Volatility
2022-12-12 00:00:00+00:00,93.30999756,101.0184,5,0.005170696116962414,-7.708404539609376,-8.261070347422026,31.893918335989635,-0.030000232380942293,High Volatility
2022-12-13 00:00:00+00:00,95.62999725,101.0184,5,0.024863356024719563,-5.388404849609373,-5.634638716471753,31.748143921686143,-0.03714316238095705,High Volatility
2022-12-14 00:00:00+00:00,95.06999969,101.54791,6,-0.005855877612712113,-6.477912907656247,-6.8138349939824705,31.709525785814836,-0.029999869523805955,High Volatility
2022-12-15 00:00:00+00:00,90.86000061,99.01945,6,-0.044283150244322944,-8.159446716660156,-8.98024065802409,33.3922340713197,-0.36095246809524895,High Volatility
2022-12-16 00:00:00+00:00,90.26000214,100.5864,6,-0.006603549042172974,-10.326400753066409,-11.440727352354136,33.28490524710612,-0.4090474442857186,High Volatility
2022-12-19 00:00:00+00:00,88.44000244,100.5864,6,-0.020163966949358625,-12.146400453066406,-13.734057121161705,33.74714760165215,-0.47238086523807965,High Volatility
2022-12-20 00:00:00+00:00,89.01999664,100.5864,6,0.006558052736299835,-11.566406253066404,-12.993042787724827,33.92646626156732,-0.4004763652381058,High Volatility
2022-12-21 00:00:00+00:00,89.58000183,100.5864,6,0.00629077972519676,-11.006401063066406,-12.286672067671697,33.66767573168953,-0.2866665066666627,High Volatility
2022-12-22 00:00:00+00:00,87.76000214,99.01945,6,-0.020317031176823375,-11.259445186660159,-12.8298141660234,33.51453330301932,-0.4423809957142879,High Volatility
2022-12-23 00:00:00+00:00,89.23000336,99.01945,6,0.01675024138735748,-9.789443966660158,-10.971022747992597,33.68247334618522,-0.4395236057142853,High Volatility
2022-12-27 00:00:00+00:00,87.38999939,100.5864,6,-0.020620911136543074,-13.196403503066406,-15.100587704748817,34.097796406192224,-0.4795237947619029,High Volatility
2022-12-28 00:00:00+00:00,86.01999664,100.5864,6,-0.015676882475831322,-14.566406253066404,-16.933744271146487,34.14281913423613,-0.47761935285714685,High Volatility
2022-12-29 00:00:00+00:00,88.44999695,100.5864,6,0.028249249069024263,-12.136405943066407,-13.72120560945526,35.98532403725941,-0.320952642380945,High Volatility
2022-12-30 00:00:00+00:00,88.23000336,100.5864,6,-0.002487208565132737,-12.356399533066408,-14.00475922306075,27.420622458441052,-0.6076187876190602,Normal
2023-01-03 00:00:00+00:00,89.12000275,100.5864,6,0.010087264605086688,-11.466400143066409,-12.86624751934987,27.92912137178684,-0.5652378642857059,Normal
2023-01-04 00:00:00+00:00,88.08000183,100.5864,6,-0.01166966884995968,-12.506401063066406,-14.198910993672042,28.00262492829113,-0.5885714557142876,Normal
2023-01-05 00:00:00+00:00,86.19999695,100.5864,6,-0.021344287476611656,-14.386405943066407,-16.689566649765883,28.480400951701313,-0.6323812576190448,Normal
2023-01-06 00:00:00+00:00,87.33999634,100.5864,6,0.013225051396013932,-13.246406553066407,-15.166483980031739,28.44302961332329,-0.45904795333333936,Normal
2023-01-09 00:00:00+00:00,88.01999664,100.5864,6,0.007785668977507987,-12.566406253066404,-14.276762932021855,28.123127666113533,-0.32952408571428293,Normal
2023-01-10 00:00:00+00:00,88.41999817,100.5864,6,0.004544439278224344,-12.166404723066407,-13.759788480966451,28.030836341070327,-0.2519048052380839,Normal
2023-01-11 00:00:00+00:00,91.51999664,99.01945,6,0.03505992461162255,-7.499450686660154,-8.194330159516658,30.772037338610904,-0.062381199523812825,High Volatility
2023-01-12 00:00:00+00:00,91.12999725,100.5864,6,-0.004261357127602228,-9.456405643066404,-10.376830822373808,30.726574928439597,-0.10380953857142572,High Volatility
2023-01-13 00:00:00+00:00,92.12000275,99.01945,6,0.01086366212965073,-6.899444576660159,-7.489626976438794,29.607217232054513,-0.16714259523810426,Normal
2023-01-17 00:00:00+00:00,91.29000092,94.34731,7,-0.00901000656993578,-3.0573120072460966,-3.349010818748162,29.684232801954746,-0.17999994142857645,Normal
2023-01-18 00:00:00+00:00,91.12000275,94.34731,7,-0.001862177328149861,-3.227310177246096,-3.5418240560205607,25.348662124750522,0.012381054285725668,Normal
2023-01-19 00:00:00+00:00,93.05000305,94.34731,7,0.021180863056986743,-1.297309877246093,-1.394207237746128,26.213662264913197,0.1328571861904777,Normal
2023-01-20 00:00:00+00:00,98.01999664,95.106544,7,0.05341207337015774,2.913452145371096,2.9723038617022093,30.5550031396105,0.45619019999999466,High Volatility
2023-01-23 00:00:00+00:00,99.79000092,99.36971,7,0.018057583561247537,0.42028809041015336,0.4211725488880308,30.88283368490036,0.5128573466666637,High Volatility
2023-01-24 00:00:00+00:00,97.69999695,100.485016,7,-0.020944021953417158,-2.785018919140626,-2.850582401313602,32.221598594290256,0.3866664342857149,High Volatility
2023-01-25 00:00:00+00:00,95.22000122,99.36971,7,-0.02538378513224715,-4.149711609589843,-4.3580251590232475,32.753435685579085,0.35523805142857157,High Volatility
2023-01-26 00:00:00+00:00,97.51999664,97.67919,7,0.024154540963363447,-0.15919494935546652,-0.16324339093564852,33.21118913907624,0.39476158476190903,High Volatility
2023-01-27 00:00:00+00:00,99.37000275,99.36971,7,0.01897053090382461,0.0002899204101538544,0.00029175848055801166,32.26437883402399,0.5704763504761843,High Volatility
2023-01-30 00:00:00+00:00,96.94000244,99.36971,7,-0.024454063024567985,-2.429710389589843,-2.506406363145789,33.14985642864109,0.5200002761904869,High Volatility
2023-01-31 00:00:00+00:00,98.83999634,98.49484,7,0.01959968900533071,0.345153810703124,0.3492045968069732,32.54542703591808,0.4947618757142891,High Volatility
2023-02-01 00:00:00+00:00,100.4300003,99.36971,7,0.016086645273948985,1.0602874704101595,1.0557477519097045,32.6069449672452,0.5809522352380867,High Volatility
2023-02-02 00:00:00+00:00,107.7399979,101.15833,7,0.07278699171725478,6.581665075292975,6.108840916631366,39.91804543040698,0.8866664357142895,High Volatility
2023-02-03 00:00:00+00:00,104.7799988,109.409546,7,-0.027473539611049147,-4.629547098437499,-4.418350020478812,41.318509960395644,0.7952379509523837,High Volatility
2023-02-06 00:00:00+00:00,102.9000015,102.34973,7,-0.017942329848547378,0.5502700546875019,0.5347619501128014,41.0234192101346,0.7952383119047539,High Volatility
2023-02-07 00:00:00+00:00,107.6399994,102.34973,7,0.04606411886203898,5.290267954687494,4.91477887790428,43.00125309809001,0.9666668123809501,High Volatility
2023-02-08 00:00:00+00:00,99.37000275,110.77102,7,-0.07683014396226384,-11.401016231933596,-11.473297691876732,52.56283341501194,0.5404764814285699,High Volatility
2023-02-09 00:00:00+00:00,95.01000214,99.36971,7,-0.04387642637958966,-4.359710689589846,-4.588686023989017,55.36974141380971,0.313809712857136,High Volatility
2023-02-10 00:00:00+00:00,94.56999969,96.46801,7,-0.00463111714650466,-1.8980102587304657,-2.00698981172902,54.26124400410297,0.14523824047618916,High Volatility
2023-02-13 00:00:00+00:00,94.61000061,96.46801,7,0.0004229768439369952,-1.8580093387304686,-1.9638614594132902,54.216082133551055,0.1657144457143005,High Volatility
2023-02-14 00:00:00+00:00,94.68000031,96.46801,7,0.0007398763296551092,-1.7880096387304718,-1.8884765873217093,54.1289506255371,0.12190464571428095,High Volatility
2023-02-15 00:00:00+00:00,96.94000244,96.12853,8,0.023869899900721636,0.8114700303320319,0.8370848049382738,54.49407866732664,0.2690476914285824,High Volatility
2023-02-16 00:00:00+00:00,95.51000214,98.35053,8,-0.014751395337390116,-2.840530391738284,-2.9740658863922875,54.83354100620773,0.20904758999998307,High Volatility
2023-02-17 00:00:00+00:00,94.34999847,97.43265,8,-0.012145363250014807,-3.0826492350781223,-3.2672488447981234,54.64184236683391,0.061904543809518486,High Volatility
2023-02-21 00:00:00+00:00,91.79000092,95.16142,8,-0.027132989841160415,-3.3714218094921904,-3.6729728463894107,52.00941915790535,-0.2966664628571323,High Volatility
2023-02-22 00:00:00+00:00,91.65000153,94.463646,8,-0.0015252139513759477,-2.8136444050585965,-3.069988388530032,51.46849246162064,-0.3876190185714279,High Volatility
2023-02-23 00:00:00+00:00,90.88999939,94.463646,8,-0.0082924400143215,-3.573646545058594,-3.931836911698536,51.11491082134167,-0.32428559809524415,High Volatility
2023-02-24 00:00:00+00:00,89.12999725,94.463646,8,-0.01936409012886009,-5.333648685058591,-5.984123022127201,50.82358090876061,-0.2900001890476176,High Volatility
2023-02-27 00:00:00+00:00,89.87000275,94.463646,8,0.008302541488073523,-4.593643185058596,-5.111431005334643,50.060967157660876,-0.36428542333332814,High Volatility
2023-02-28 00:00:00+00:00,90.05999756,94.463646,8,0.00211410709008808,-4.403648375058594,-4.88968298286349,49.44831225643728,-0.4433335804761924,High Volatility
2023-03-01 00:00:00+00:00,90.36000061,94.463646,8,0.003331146548167796,-4.103645325058594,-4.541440125449102,48.94934932159979,-0.31333342047619794,High Volatility
2023-03-02 00:00:00+00:00,92.0,94.463646,8,0.018149616854014283,-2.4636459350585938,-2.6778760163680366,48.86792127868612,-0.3257141114285673,High Volatility
2023-03-03 00:00:00+00:00,93.65000153,94.463646,8,0.017934799239130328,-0.8136444050585965,-0.8688140862421152,48.9627705714126,-0.32285708428570103,High Volatility
2023-03-06 00:00:00+00:00,95.12999725,95.16142,8,0.01580347779840552,-0.031425479492185104,-0.03303424829247023,41.23832040279082,-0.600476221428579,High Volatility
2023-03-07 00:00:00+00:00,93.86000061,96.12853,8,-0.013350117488834523,-2.2685317996679686,-2.416931371110896,40.57860449699624,-0.5199999138095279,High Volatility
2023-03-08 00:00:00+00:00,94.25,95.16142,8,0.004155118127694202,-0.9114227294921875,-0.967026768691976,40.40603036721828,-0.41190483333332395,High Volatility
2023-03-09 00:00:00+00:00,92.31999969,95.16142,8,-0.020477456870026445,-2.8414230394921844,-3.0777979300621294,36.42620259764186,-0.7295237957143001,High Volatility
2023-03-10 00:00:00+00:00,90.62999725,96.51428,8,-0.018305919038938856,-5.884284976562498,-6.492646094130272,26.61587222155114,-0.41619073809522433,Normal
2023-03-13 00:00:00+00:00,91.11000061,94.463646,8,0.005296296751239327,-3.3536453250585936,-3.6808750988972183,22.525477399227604,-0.18571435857143115,Normal
2023-03-14 00:00:00+00:00,93.97000122,95.816505,8,0.03139063319999691,-1.846504212128906,-1.9649932831286452,25.26449157365333,-0.028571355714291258,Normal
2023-03-15 00:00:00+00:00,96.11000061,96.51428,8,0.022773218710404164,-0.40428161656249983,-0.42064469253622644,26.488663059963706,0.0714285714285694,Normal
2023-03-16 00:00:00+00:00,100.3199997,98.78551,8,0.04380396486608662,1.5344924978515593,1.5295977895139081,30.375187927997843,0.2685713995238217,High Volatility
2023-03-17 00:00:00+00:00,101.6200027,101.00426,9,0.012958562638432758,0.6157454978515631,0.6059294248095539,29.654137963898002,0.22285715523808847,Normal
2023-03-20 00:00:00+00:00,101.2200012,101.39103,9,-0.003936247681284533,-0.17102815791015757,-0.16896676139355507,29.096811415632555,0.2719047171428457,Normal
2023-03-21 00:00:00+00:00,104.9199982,101.88219,9,0.03655401063164576,3.0378113103515574,2.895359666858589,30.760989852211623,0.5033333204762016,High Volatility
2023-03-22 00:00:00+00:00,103.3700027,105.26784,9,-0.014773117866866192,-1.897834824414062,-1.8359628275544795,29.389071133355387,0.5514286561904669,Normal
2023-03-23 00:00:00+00:00,105.5999985,102.85535,9,0.021572949035049138,2.744651820312498,2.599102139487718,29.747209292468135,0.6642855700000041,Normal
2023-03-24 00:00:00+00:00,105.4400024,107.11247,9,-0.0015151146048548725,-1.6724701341796901,-1.5861818058718957,29.400698859715185,0.692857286190474,Normal
2023-03-27 00:00:00+00:00,102.4599991,105.648155,9,-0.02826254962224839,-3.188156112402339,-3.1116105215760625,30.554880666530853,0.6347619928571504,High Volatility
2023-03-28 00:00:00+00:00,101.0299988,101.39103,9,-0.013956669066572336,-0.3610305579101549,-0.3573498586542148,31.381865585621284,0.5314283833333349,High Volatility
2023-03-29 00:00:00+00:00,101.3899994,101.88219,9,0.0035633040114417813,-0.49218748964844394,-0.48543987825336155,31.364578864831927,0.5395238971428569,High Volatility
2023-03-30 00:00:00+00:00,100.8899994,101.88219,9,-0.004931452835179706,-0.9921874896484439,-0.983434924719054,31.577841543160122,0.5014285138095147,High Volatility
2023-03-31 00:00:00+00:00,103.7300034,101.88219,9,0.028149509534044048,1.8478165103515636,1.7813713002843339,32.267054919157275,0.5585715904761912,High Volatility
2023-04-03 00:00:00+00:00,104.3600006,102.85535,9,0.006073432751859009,1.5046539203125064,1.4417917896337251,31.97109588249793,0.5099999557143065,High Volatility
2023-04-04 00:00:00+00:00,104.7200012,102.85535,9,0.0034496032764490536,1.8646545203124987,1.780609720153917,31.748332224845367,0.4566668547618917,High Volatility
2023-04-05 00:00:00+00:00,104.4700012,102.85535,9,-0.002387318536432592,1.6146545203124987,1.5455676287601103,31.181906738363168,0.5052381233333136,High Volatility
2023-04-06 00:00:00+00:00,108.4199982,102.85535,9,0.03780986842756917,5.564651520312495,5.132495492249967,33.14454913126711,0.6747618190476317,High Volatility
2023-04-10 00:00:00+00:00,106.4400024,110.44687,9,-0.018262274791293942,-4.006866496484378,-3.7644366837071566,32.92215846582323,0.6723810814285827,High Volatility
2023-04-11 00:00:00+00:00,105.3499985,107.11247,9,-0.010240547495515617,-1.7624740341796894,-1.672970155931886,32.252669194279726,0.700952440476172,High Volatility
2023-04-12 00:00:00+00:00,104.6399994,107.11247,9,-0.0067394315150370865,-2.472473134179694,-2.3628374888730113,32.61838857465915,0.6442856566666819,High Volatility
2023-04-13 00:00:00+00:00,107.4300003,101.39103,9,0.02666285279049818,6.038970942089847,5.621307758750743,32.208087554557075,0.6409523371428492,High Volatility
2023-04-14 00:00:00+00:00,108.8700027,108.86548,9,0.0134040993761404,0.004524184375000573,0.004155583965095807,31.775510122741807,0.6076191471428558,High Volatility
2023-04-17 00:00:00+00:00,105.9700012,108.98255,9,-0.02663728693009393,-3.0125503747070326,-2.842833198634551,30.60371847272208,0.26904769047619936,High Volatility
2023-04-18 00:00:00+00:00,104.5,107.52342,10,-0.013871861690608278,-3.0234222412109375,-2.8932270250822367,30.890272417851282,0.13714272857141907,High Volatility
2023-04-19 00:00:00+00:00,104.1800003,104.17551,10,-0.0030621980861244014,0.004493708203128222,0.00431340774638894,30.87233141625617,0.14095233809524643,High Volatility
2023-04-20 00:00:00+00:00,105.2900009,103.264,10,0.010654641935146758,2.0260009610351517,1.9242102229245512,28.37518272467925,0.017619176190478925,Normal
2023-04-21 00:00:00+00:00,105.4100037,105.91175,10,0.0011397359575862076,-0.501747093457027,-0.4759957080402104,27.839127255689927,0.09714290476189547,Normal
2023-04-24 00:00:00+00:00,105.9700012,105.91175,10,0.005312565035039407,0.058250406542967426,0.05496877029663318,26.88419143136704,0.017619176190478925,Normal
2023-04-25 00:00:00+00:00,103.8499985,107.52342,10,-0.02000568723217111,-3.6734237412109394,-3.5372400522576215,27.789519494691064,-0.07571447142856869,Normal
2023-04-26 00:00:00+00:00,103.7099991,104.17551,10,-0.0013480924604923894,-0.46550749179687045,-0.44885497621884607,25.91167614242067,0.0595238095238102,Normal
2023-04-27 00:00:00+00:00,107.5899963,104.17551,10,0.03741198759686415,3.4144897082031207,3.1736126272207343,28.253975883311856,0.3123808333333358,Normal
2023-04-28 00:00:00+00:00,107.3399963,108.757835,10,-0.002323636105562299,-1.417839088183598,-1.3208860974998915,28.316645620823323,0.2833331857142696,Normal
2023-05-01 00:00:00+00:00,107.1999969,108.757835,10,-0.0013042612709684986,-1.5578384881835916,-1.453207586971107,28.218447262512147,0.3004760714285766,Normal
2023-05-02 00:00:00+00:00,105.3199997,108.51183,10,-0.01753728782057462,-3.191833490917972,-3.0306052981482985,27.526209702278997,0.07571410952381541,Normal
2023-05-03 00:00:00+00:00,105.4100037,105.91175,10,0.0008545765311087639,-0.501747093457027,-0.4759957080402104,27.461115044656893,0.0500001476190306,Normal
2023-05-04 00:00:00+00:00,104.6900024,105.66575,10,-0.006830483585307023,-0.9757461961914089,-0.9320337891131893,27.55828757662307,-0.0014285142856920174,Normal
2023-05-05 00:00:00+00:00,105.5699997,105.66575,10,0.008405743431332713,-0.09574889619140947,-0.09069706968220204,27.68745554090945,0.052380880952398456,Normal
2023-05-08 00:00:00+00:00,107.7699966,105.000244,10,0.020839224270642775,2.769752459374999,2.570058965163778,25.34177535019709,-0.030952457142859657,Normal
2023-05-09 00:00:00+00:00,107.3499985,108.757835,10,-0.003897170949711204,-1.4078368881835956,-1.3114456524036149,24.524645814808725,0.043333147619037504,Normal
2023-05-10 00:00:00+00:00,111.75,107.60033,10,0.04098743885869727,4.1496734619140625,3.7133543283347317,27.88336879464103,0.30476197619047696,Normal
2023-05-11 00:00:00+00:00,116.5699997,109.37952,10,0.04313198836689036,7.190483098437497,6.168382188335459,30.88801343565013,0.5680952523809424,High Volatility
2023-05-12 00:00:00+00:00,117.5100021,113.392815,10,0.008063844920812802,4.117187463769525,3.503691081773477,29.92669089542827,0.48000008571429476,Normal
2023-05-15 00:00:00+00:00,116.5100021,116.09981,10,-0.00850991389778899,0.41019436074218163,0.3520679369571324,30.062765443128537,0.3638094952380868,High Volatility
2023-05-16 00:00:00+00:00,119.5100021,113.392815,10,0.02574886229445883,6.117187463769525,5.1185569042589165,28.922464315793732,0.6447619476190596,Normal
2023-05-17 00:00:00+00:00,120.8399963,114.40953,11,0.011128727107603265,6.430465660351558,5.3214712489622595,28.05278610118173,0.7780950619047502,Normal
2023-05-18 00:00:00+00:00,122.8300018,114.40953,11,0.016468102953757002,8.420471160351568,6.855386336362951,27.97806630285179,0.8880953095237913,Normal
2023-05-19 00:00:00+00:00,122.7600021,114.40953,11,-0.0005698908977791461,8.350471460351557,6.802273800508152,28.114672152488357,0.8319048190476366,Normal
2023-05-22 00:00:00+00:00,125.0500031,114.40953,11,0.018654292610182477,10.64047246035156,8.508974167591653,28.270903379666308,0.9352380666666562,Normal
2023-05-23 00:00:00+00:00,122.5599976,113.783134,11,-0.019912078674710565,8.776863139550784,7.16127881153841,29.911589081153352,0.7899998285714531,Normal
2023-05-24 00:00:00+00:00,120.9000015,114.40953,11,-0.013544354867056518,6.490470860351564,5.368462183477776,29.249793213362867,0.8119049047618745,Normal
2023-05-25 00:00:00+00:00,123.4800034,114.40953,11,0.021339965822911866,9.070472760351564,7.3457017416567085,29.447631045947098,0.9414287761904774,Normal
2023-05-26 00:00:00+00:00,124.6100006,114.40953,11,0.009151256631727778,10.200469960351569,8.185915986867885,27.516112705039735,0.810476395238112,Normal
2023-05-30 00:00:00+00:00,123.6699982,114.40953,11,-0.007543555055564366,9.260467560351557,7.488046975933051,27.800722696581882,0.7776191380952326,Normal
2023-05-31 00:00:00+00:00,122.8700027,114.40953,11,-0.006468792040461024,8.460472060351563,6.885709997914375,28.049462489976296,0.7461907523809685,Normal
2023-06-01 00:00:00+00:00,123.7200012,114.40953,11,0.0069178683268638075,9.310470560351561,7.5254368493746515,26.634353827137513,0.8761905476190321,Normal
2023-06-02 00:00:00+00:00,124.6699982,114.40953,11,0.007678604839845393,10.260467560351557,8.230101635111405,26.513821667469173,0.9171425952381043,Normal
2023-06-05 00:00:00+00:00,126.0100021,114.40953,11,0.010748407149652195,11.600471460351557,9.20599259346537,25.955426368283163,1.0152380809523862,Uptrend
2023-06-06 00:00:00+00:00,127.3099976,113.783134,11,0.010316605653004851,13.526863139550784,10.62513816240209,25.958434637408395,1.0352379952380772,Uptrend
2023-06-07 00:00:00+00:00,122.5,114.40953,11,-0.037781774335686635,8.090469360351562,6.604464783960459,30.20815515457303,0.70142873333333,High Volatility
2023-06-08 00:00:00+00:00,122.1399994,114.40953,11,-0.0029387804081633107,7.730468760351556,6.329186833409757,30.169227677783095,0.7042857571428556,High Volatility
2023-06-09 00:00:00+00:00,122.2300034,114.40953,11,0.0007368920946630997,7.820472760351564,6.3981612884022585,27.44314104459737,0.499047780952381,Normal
2023-06-12 00:00:00+00:00,123.6399994,114.40953,11,0.011535596504777645,9.230468760351556,7.465600780609156,23.763171294751945,0.3366666523809698,Normal
2023-06-13 00:00:00+00:00,123.8300018,114.40953,11,0.0015367389269012044,9.420471160351568,7.607583803129338,23.692447910841345,0.3009523666666638,Normal
2023-06-14 00:00:00+00:00,123.6699982,114.40953,11,-0.001292123053171168,9.260467560351557,7.488046975933051,23.395896984981658,0.3409521952381027,Normal
2023-06-15 00:00:00+00:00,125.0899963,114.40953,11,0.01148215509555972,10.680465660351558,8.53822525882636,22.131859729636762,0.26571400952379065,Normal
2023-06-16 00:00:00+00:00,123.5299988,119.493416,12,-0.012471001248242852,4.03658296748047,3.2676944925870672,22.44908594022335,0.12809535714286824,Normal
2023-06-20 00:00:00+00:00,123.0999985,119.493416,12,-0.003480938267442113,3.606582667480467,2.9297991157006122,21.78727373179157,0.01285698571427929,Normal
2023-06-21 00:00:00+00:00,120.5500031,118.53145,12,-0.020714828847053113,2.0185547357421854,1.6744543208910008,22.962284944190014,-0.10523804761905353,Normal
2023-06-22 00:00:00+00:00,123.1500015,118.90612,12,0.021567800357858324,4.243881199707033,3.4461073065492682,23.29253838931378,-0.09047626666664144,Normal
2023-06-23 00:00:00+00:00,122.3399963,118.53145,12,-0.006577386846398081,3.808547935742183,3.1130848871393857,22.33988925900185,-0.010476252380982487,Normal
2023-06-26 00:00:00+00:00,118.3399963,118.53145,12,-0.032695766887153366,-0.1914520642578168,-0.1617813674528709,24.667723746837744,-0.12190500952378613,Normal
2023-06-27 00:00:00+00:00,118.3300018,115.94325,12,-8.445580794724794e-05,2.3867492365234426,2.0170279728022806,23.31289552312878,-0.24523817142856785,Normal
2023-06-28 00:00:00+00:00,120.1800003,115.94325,12,0.015634230303882113,4.236747736523441,3.5253351023027424,23.803912672364625,-0.2109523952381096,Normal
2023-06-29 00:00:00+00:00,119.0999985,117.94415,12,-0.008986535174771548,1.155845667968748,0.9704833606431558,23.854397556102576,-0.217619033333321,Normal
2023-06-30 00:00:00+00:00,119.6999969,116.87555,12,0.00503777000467398,2.824447583593752,2.3596053941031907,23.896495521296213,-0.15095265714286654,Normal
2023-07-03 00:00:00+00:00,119.9000015,117.48255,12,0.0016708822487865316,2.4174499252929706,2.0162217640113793,23.74233834234499,-0.1819047476190292,Normal
2023-07-05 00:00:00+00:00,121.75,117.48255,12,0.015429511900381332,4.267448425292969,3.5050911090702006,24.261295297995595,-0.13904753333333986,Normal
2023-07-06 00:00:00+00:00,120.1100006,119.493416,12,-0.01347022094455852,0.6165847674804752,0.5133500661063815,24.23218546883191,-0.2809524523809728,Normal
2023-07-07 00:00:00+00:00,119.4800034,117.48255,12,-0.00524516856925239,1.9974518252929698,1.6717875531069577,23.817988155636733,-0.37285686666666606,Normal
2023-07-10 00:00:00+00:00,116.4499969,116.87555,12,-0.025359946549850854,-0.42555241640624786,-0.3654378941475505,21.832390000390443,-0.2880953857142714,Normal
2023-07-11 00:00:00+00:00,117.1399994,114.39649,12,0.005925311450136972,2.7435073956054623,2.3420756442358854,22.015813518467255,-0.2380952380952408,Normal
2023-07-12 00:00:00+00:00,118.9300003,114.39649,12,0.01528086827017705,4.533508295605472,3.8119131288739028,22.797588390937534,-0.157143004761906,Normal
2023-07-13 00:00:00+00:00,124.5400009,117.83752,12,0.04717060948329954,6.702484115332027,5.381792248993012,28.044814690598617,0.04285721428570355,Normal
2023-07-14 00:00:00+00:00,125.4199982,118.53145,12,0.007065981159793067,6.888549835742182,5.492385532295584,28.135997368724162,0.0757141142857165,Normal
2023-07-17 00:00:00+00:00,124.6500015,118.53145,12,-0.006139345487568337,6.118553135742189,4.908586491867943,28.23041309246417,0.04666682380953091,Normal
2023-07-18 00:00:00+00:00,123.7600021,118.53145,12,-0.00713998707813901,5.228553735742182,4.224752462041354,28.05626586787372,-0.06333305714285586,Normal
2023-07-19 00:00:00+00:00,122.0299988,119.74853,13,-0.013978694817749937,2.2814712731445326,1.8695987016141253,28.142989554846164,-0.0714285714285694,Normal
2023-07-20 00:00:00+00:00,119.1999969,119.74853,13,-0.023191034399977384,-0.5485306268554666,-0.46017671234978585,29.219616414764758,-0.18571436190475765,Normal
2023-07-21 00:00:00+00:00,120.0199966,118.778824,13,0.006879192292999159,1.2411727474609364,1.034138295802065,28.47190975045828,-0.02523840476192163,Normal
2023-07-24 00:00:00+00:00,121.5299988,118.60402,13,0.012581255147277703,2.925979634960939,2.4076192412181103,27.773510151377934,-0.07714298571427491,Normal
2023-07-25 00:00:00+00:00,122.2099991,119.74853,13,0.005595328780666486,2.461471573144536,2.0141327152211197,27.757187903117007,-0.006190342857138376,Normal
2023-07-26 00:00:00+00:00,129.2700043,119.74853,13,0.05776945628011232,9.521476773144542,7.3655731851356805,31.701954675449766,0.52047657142856,High Volatility
2023-07-27 00:00:00+00:00,129.3999939,119.74853,13,0.0010055666100103888,9.65146637314453,7.458629697156832,31.684761380357664,0.5271424809523921,High Volatility
2023-07-28 00:00:00+00:00,132.5800018,119.74853,13,0.02457502356961072,12.831474273144522,9.678287900841259,32.228969568370815,0.5904762619047688,High Volatility
2023-07-31 00:00:00+00:00,132.7200012,119.74853,13,0.0010559616691754314,12.971473673144544,9.773563559268972,31.87031571238196,0.6485715571428301,High Volatility
2023-08-01 00:00:00+00:00,131.5500031,119.74853,13,-0.008815537141511176,11.801475573144529,8.97109486510117,32.24693326270242,0.5642860095238262,High Volatility
2023-08-02 00:00:00+00:00,128.3800049,119.74853,13,-0.024097287155442126,8.63147737314452,6.723381401852961,33.75208923192527,0.403809685714279,High Volatility
2023-08-03 00:00:00+00:00,128.4499969,119.74853,13,0.0005451939346359236,8.701469373144533,6.774207538454625,33.48036977095935,0.3190474714285756,High Volatility
2023-08-04 00:00:00+00:00,128.1100006,119.05357,13,-0.002646915595215571,9.056426991601569,7.069258410105392,33.026021891090615,0.3809523809523938,High Volatility
2023-08-07 00:00:00+00:00,131.5299988,119.74853,13,0.026695794114296234,11.781471273144518,8.957250346408822,33.83107943768454,0.5738093047618946,High Volatility
2023-08-08 00:00:00+00:00,131.3999939,119.05357,13,-0.0009884049356502222,12.34642029160156,9.39605849677407,32.10286872760638,0.7119046190476013,High Volatility
2023-08-09 00:00:00+00:00,129.6600037,119.05357,13,-0.013241935165721475,10.606430091601567,8.180186479203044,32.78482956614109,0.5961906809524038,High Volatility
2023-08-10 00:00:00+00:00,129.6900024,119.74853,13,0.0002313643308957669,9.941474873144529,7.665567652996303,32.60691339349878,0.5123810523809453,High Volatility
2023-08-11 00:00:00+00:00,129.5599976,119.74853,13,-0.0010024273081514767,9.811470073144534,7.572916220202626,28.663925163462128,0.2390474619047609,Normal
2023-08-14 00:00:00+00:00,131.3300018,119.74853,13,0.013661656628496166,11.581474273144522,8.818605127853218,28.899846700505954,0.2814287428571305,Normal
2023-08-15 00:00:00+00:00,129.7799988,119.74853,13,-0.011802352689832984,10.031471273144518,7.72959729226359,29.174727780315067,0.24428558571429448,Normal
2023-08-16 00:00:00+00:00,128.6999969,119.74853,13,-0.008321790029173437,8.951469373144533,6.955298825764411,29.224618791661598,0.23523784761904665,Normal
2023-08-17 00:00:00+00:00,129.9199982,124.11254,14,0.009479419808750666,5.80745700126954,4.470025463154247,28.731720241509873,0.375714257142846,Normal
2023-08-18 00:00:00+00:00,127.4599991,124.11254,14,-0.018934722399034043,3.347457901269536,2.6262811273388245,28.274402988979624,0.39333343809525445,Normal
2023-08-21 00:00:00+00:00,128.3699951,123.42707,14,0.00713946341146654,4.94292448232423,3.8505294624913713,28.27864673454421,0.39761897619047204,Normal
2023-08-22 00:00:00+00:00,129.0800018,123.17209,14,0.005530939682960145,5.907913176953116,4.576939180793469,28.0937192186158,0.3595239523809539,Normal
2023-08-23 00:00:00+00:00,132.3699951,124.11254,14,0.025488017153095566,8.257453901269542,6.238161371110863,29.148757536034836,0.4838093333333404,Normal
2023-08-24 00:00:00+00:00,129.7799988,123.17209,14,-0.019566339773929853,6.607910176953112,5.091624470683161,22.777873746344987,0.024285452380951256,Normal
2023-08-25 00:00:00+00:00,129.8800049,124.11254,14,0.00077058176086231,5.76746370126952,4.440609396119234,22.77708289899293,0.022857666666652676,Normal
2023-08-28 00:00:00+00:00,131.0099945,124.11254,14,0.008700258372103198,6.897453301269536,5.264829853320493,21.256105087389386,-0.07476225238093548,Normal
2023-08-29 00:00:00+00:00,134.5700073,124.11254,14,0.027173597049498177,10.457466101269517,7.771022912970831,23.319500513203423,0.08809552857141512,Normal
2023-08-30 00:00:00+00:00,135.8800049,124.11254,14,0.009734692196899486,11.76746370126952,8.660187869384984,23.244816178932528,0.20619056190477636,Normal
2023-08-31 00:00:00+00:00,136.1699982,124.11254,14,0.0021341867054938124,12.05745700126954,8.854708937838216,21.277360246388096,0.3709520619047453,Normal
2023-09-01 00:00:00+00:00,135.6600037,123.17209,14,-0.003745278010879871,12.48791507695313,9.205303506086466,21.38866257600536,0.343333657142864,Normal
2023-09-05 00:00:00+00:00,135.7700043,124.11254,14,0.000810855056758486,11.657463101269542,8.586184526820068,21.313358980341693,0.3647620809523744,Normal
2023-09-06 00:00:00+00:00,134.4600067,123.17209,14,-0.00964865256323777,11.287918076953133,8.395000382632832,19.859839151373716,0.13952418571429348,Normal
2023-09-07 00:00:00+00:00,135.2599945,123.17209,14,0.005949633795459208,12.08790587695313,8.936793115833765,19.912216116598888,0.18380955238094998,Normal
2023-09-08 00:00:00+00:00,136.3800049,123.17209,14,0.008280426183219891,13.207916276953114,9.684642764632365,19.297008959012857,0.3200000571428916,Normal
2023-09-11 00:00:00+00:00,136.9199982,123.17209,14,0.003959475587319128,13.747909576953134,10.040833886713514,19.28550211755514,0.3442855142857013,Normal
2023-09-12 00:00:00+00:00,135.3399963,123.17209,14,-0.01153959918763725,12.16790767695312,8.990622143938333,19.873874228753216,0.27523803333332353,Normal
2023-09-13 00:00:00+00:00,136.7100067,124.11254,14,0.010122731176696709,12.59746550126954,9.214735486710746,19.65227699529081,0.25619070952379275,Normal
2023-09-14 00:00:00+00:00,138.1000061,123.17209,14,0.010167502976210496,14.927917476953127,10.80949805762038,19.17791793257189,0.3961908238095475,Normal
2023-09-15 00:00:00+00:00,137.3999939,124.11254,14,-0.005068878849238567,13.28745270126953,9.6706355830992,18.96720067820736,0.4142855714285645,Normal
2023-09-18 00:00:00+00:00,138.2100067,127.02176,15,0.005895289926937997,11.188247666796883,8.095106811681301,18.85771429114039,0.39476230952382707,Normal
2023-09-19 00:00:00+00:00,138.0399933,127.02176,15,-0.0012301091944019182,11.018234266796867,7.98191451867947,17.183986869555216,0.5038092476190457,Normal
2023-09-20 00:00:00+00:00,133.7400055,127.87698,15,-0.031150304322711042,5.86302185742187,4.383895331469738,20.966115402377316,0.25571478095233147,Normal
2023-09-21 00:00:00+00:00,130.4400024,127.02176,15,-0.02467476420135184,3.4182433667968724,2.620548377724403,22.857514073513595,0.064761933333358,Normal
2023-09-22 00:00:00+00:00,130.25,127.87698,15,-0.0014566267747937456,2.373016357421875,1.8218935565619,20.990113459499174,-0.10095214761904003,Normal
2023-09-25 00:00:00+00:00,131.1100006,127.02176,15,0.006602691746641076,4.088241566796881,3.118176758514088,19.95612905066222,0.06333341904760914,Normal
2023-09-26 00:00:00+00:00,128.5700073,127.87698,15,-0.019372994343499483,0.6930236574218611,0.5390243587719398,21.11578728137967,-0.06238083809523687,Normal
2023-09-27 00:00:00+00:00,130.5399933,127.87698,15,0.015322282710953816,2.663009657421867,2.0399952459794304,21.594470765051472,-0.02238100952382638,Normal
2023-09-28 00:00:00+00:00,132.3099976,127.02176,15,0.013559095992385028,5.288238566796878,3.996854858076785,19.875910247244427,-0.1076195095237722,Normal
2023-09-29 00:00:00+00:00,130.8600006,127.02176,15,-0.010959088703059505,3.8382415667968814,2.933089981047181,19.795543468339297,-0.2390478238095568,Normal
2023-10-02 00:00:00+00:00,134.1699982,127.02176,15,0.02529418909386738,7.148239166796884,5.327747829392818,21.879269926950933,-0.09523809523807358,Normal
2023-10-03 00:00:00+00:00,132.4299927,127.87698,15,-0.012968663064348185,4.553009057421889,3.4380497684811004,22.275328834818136,-0.15381004761903228,Normal
2023-10-04 00:00:00+00:00,135.2400055,127.02176,15,0.021218854903704676,8.21824646679687,6.076786551740321,23.57439878659229,-0.025238038095267257,Normal
2023-10-05 00:00:00+00:00,135.0700073,127.02176,15,-0.0012570111881576862,8.048248266796861,5.958575428904165,23.32315651699672,0.029047647619080408,Normal
2023-10-06 00:00:00+00:00,137.5800018,127.02176,15,0.018582915261306843,10.558242766796866,7.674256889562613,24.104936336479117,0.11047653809521307,Normal
2023-10-09 00:00:00+00:00,138.4199982,127.02176,15,0.00610551234925194,11.398239166796884,8.234532087139474,24.03292927595207,0.09714253809522688,Normal
2023-10-10 00:00:00+00:00,138.0599976,127.02176,15,-0.002600784602524331,11.038238566796878,7.995247543591785,24.03228415779272,0.05428568571429082,Normal
2023-10-11 00:00:00+00:00,140.5500031,127.02176,15,0.018035676830983727,13.528244066796873,9.625217907090088,24.346474342764747,0.24809556190479043,Normal
2023-10-12 00:00:00+00:00,138.9700012,127.02176,15,-0.011241564319823039,11.948242166796888,8.597713221288284,24.56261002263327,0.10761878571426564,Normal
2023-10-13 00:00:00+00:00,137.3600006,127.02176,15,-0.011585238440654289,10.338241566796881,7.526384334332102,24.683532443568787,-0.035238357142844734,Normal
2023-10-16 00:00:00+00:00,139.1000061,127.02176,15,0.012667483200345941,12.078247066796877,8.683139135244708,24.999965777392184,0.08095296190475665,Normal
2023-10-17 00:00:00+00:00,139.7200012,131.44893,16,0.004457189596054345,8.2710723669922,5.919748279383925,24.967282265118126,0.07190449999998805,Normal
2023-10-18 00:00:00+00:00,137.9600067,130.56229,16,-0.012596582342428442,7.397720323046883,5.362220907348566,25.381351252356332,-0.0038088857142781762,Normal
2023-10-19 00:00:00+00:00,137.75,131.44893,16,-0.0015222288330029032,6.3010711669921875,4.574280339014292,22.721580605306556,0.19095211904763687,Normal
2023-10-20 00:00:00+00:00,135.6000061,130.56229,16,-0.015607941197822162,5.037719723046877,3.7151323719939544,21.594396508078507,0.245714461904754,Normal
2023-10-23 00:00:00+00:00,136.5,131.44893,16,0.006637122857769517,5.0510711669921875,3.700418437356914,21.61613454160255,0.2976190476190368,Normal
2023-10-24 00:00:00+00:00,138.8099976,130.56229,16,0.016923059340659297,8.247711223046878,5.94172708425065,22.16236226873142,0.36666652380949927,Normal
2023-10-25 00:00:00+00:00,125.6100006,131.44893,16,-0.09509399343149327,-5.838928233007806,-4.648458088621175,40.03215690102551,-0.1409526999999855,High Volatility
2023-10-26 00:00:00+00:00,122.2799988,123.811165,16,-0.026510642338138823,-1.53116605595703,-1.252180300117103,40.530221533038244,-0.39333307142854324,High Volatility
2023-10-27 00:00:00+00:00,122.1699982,121.87203,16,-0.0008995796620829832,0.29796603447265113,0.24389460494618487,40.10284291378438,-0.48285711428573563,High Volatility
2023-10-30 00:00:00+00:00,124.4599991,120.985405,16,0.01874438023851921,3.474594131738286,2.7917356233841444,40.71945414993096,-0.30476197619046275,High Volatility
2023-10-31 00:00:00+00:00,124.0800018,123.46023,16,-0.0030531681082103246,0.6197738336914114,0.49949534550330044,39.48558502550472,-0.4804760190476145,High Volatility
2023-11-01 00:00:00+00:00,126.4499969,122.5736,16,0.019100540503054653,3.8763961309570334,3.0655565251002654,40.065677185061126,-0.28476170476193374,High Volatility
2023-11-02 00:00:00+00:00,127.4899979,123.811165,16,0.008224602811358395,3.6788330440429746,2.885585618197719,39.368511190886736,-0.36904798095235947,High Volatility
2023-11-03 00:00:00+00:00,129.1000061,127.51099,16,0.01262850597317322,1.5890197718750017,1.230844071877237,39.71604668332765,-0.2842857714285856,High Volatility
2023-11-06 00:00:00+00:00,130.25,128.05882,16,0.008907775721630928,2.1911773681640625,1.6822858872660749,39.22763859475873,-0.34904770476188673,High Volatility
2023-11-07 00:00:00+00:00,130.9700012,128.93248,16,0.005527840307101739,2.0375213416015754,1.5557160593517465,39.212551500831324,-0.3547617619047685,High Volatility
2023-11-08 00:00:00+00:00,131.8399963,128.93248,16,0.00664270513880072,2.907516441601558,2.205337168688587,39.33495209236403,-0.29619053809523166,High Volatility
2023-11-09 00:00:00+00:00,130.2400055,128.93248,16,-0.012135852889128107,1.3075256416015577,1.0039354932318072,38.7943949935365,-0.4909522666666817,High Volatility
2023-11-10 00:00:00+00:00,132.5899963,129.8191,16,0.018043540392817414,2.770889244335933,2.0898177250616103,39.363463850617364,-0.30380975714285796,High Volatility
2023-11-13 00:00:00+00:00,132.0899963,129.86165,16,-0.0037710235609984544,2.228347740429683,1.686992053030804,39.2147170031149,-0.2509525857142876,High Volatility
2023-11-14 00:00:00+00:00,133.6199951,128.93248,16,0.011583002822750599,4.687515241601574,3.5080941576846185,39.16692361507752,-0.2609529047618935,High Volatility
2023-11-15 00:00:00+00:00,134.6199951,130.60188,17,0.007483909868815752,4.018112165429699,2.9847810961847956,39.2399471564967,-0.24285743333334153,High Volatility
2023-11-16 00:00:00+00:00,136.9299927,130.7967,17,0.01715939447393433,6.133285546679701,4.479139614150948,39.529051389782936,-0.049048285714263784,High Volatility
2023-11-17 00:00:00+00:00,135.3099976,131.9257,17,-0.011830827330497673,3.384292643945315,2.5011401256172334,39.738270455759626,-0.11619059047620794,High Volatility
2023-11-20 00:00:00+00:00,136.25,131.9257,17,0.006947028428592628,4.3242950439453125,3.173794527666284,39.427422574324204,0.030952090476176863,High Volatility
2023-11-21 00:00:00+00:00,136.9700012,131.9257,17,0.005284412477064349,5.044296243945325,3.6827744759816246,39.40382593636828,0.02238100952382638,High Volatility
2023-11-22 00:00:00+00:00,138.4900055,131.9257,17,0.011097351877660477,6.564300543945308,4.739909223229331,39.14820906468006,-0.015237719047604514,High Volatility
2023-11-24 00:00:00+00:00,136.6900024,131.9257,17,-0.012997350195065094,4.76429744394531,3.4854761579441673,19.235585964161817,0.5276191333333031,Normal
2023-11-27 00:00:00+00:00,136.4100037,131.9257,17,-0.0020484212091871346,4.484298743945317,3.28736795125922,15.908948574417678,0.6728573761904784,Normal
2023-11-28 00:00:00+00:00,137.1999969,131.9257,17,0.005791314262679759,5.274291943945315,3.8442361976068784,15.750135205213736,0.7157142238095275,Normal
2023-11-29 00:00:00+00:00,134.9900055,131.9257,17,-0.016107809401852857,3.0643005439453077,2.2700203119447298,16.681453239960366,0.5014288761904595,Normal
2023-11-30 00:00:00+00:00,132.5299988,131.9257,17,-0.018223621007260493,0.6042938439452996,0.45596759180329793,18.236632586195793,0.4023808095238337,Normal
2023-12-01 00:00:00+00:00,131.8600006,130.60188,17,-0.005055445605270603,1.258117665429694,0.9541313967123506,17.488158692347856,0.2576192238095132,Normal
2023-12-04 00:00:00+00:00,129.2700043,129.76164,17,-0.01964201644330943,-0.49163815605467676,-0.38031882084085045,18.859873784800836,0.08476220952380231,Normal
2023-12-05 00:00:00+00:00,130.9900055,128.83096,17,0.01330549348484844,2.15904236523437,1.6482496943130291,18.915076056688072,0.08999997142856841,Normal
2023-12-06 00:00:00+00:00,130.0200043,129.76164,17,-0.007405154281026283,0.25836184394532324,0.19870930272329118,18.87377616932966,-0.010952176190471619,Normal
2023-12-07 00:00:00+00:00,136.9299927,128.83096,17,0.05314557892227367,8.099029565234389,5.914722848907585,26.35994003509762,0.28380911904764616,Normal
2023-12-08 00:00:00+00:00,134.9900055,130.7967,17,-0.014167730252132138,4.193298346679683,3.1063768989028473,26.903216136032558,0.15000043809521912,Normal
2023-12-11 00:00:00+00:00,133.2899933,131.9257,17,-0.012593615310283135,1.3642883439453044,1.0235489628052254,26.93238672256558,0.14523751428569653,Normal
2023-12-12 00:00:00+00:00,132.5200043,129.47289,17,-0.005776795248739641,3.0471191681640732,2.299365431098219,26.31659998000068,-0.00333295238093001,Normal
2023-12-13 00:00:00+00:00,132.5700073,130.60188,17,0.0003773241652391679,1.9681243654296736,1.4845924847661027,26.278849247192788,0.022857666666681098,Normal
2023-12-14 00:00:00+00:00,131.9400024,129.47289,17,-0.004752243081455942,2.46711726816406,1.8698781440707781,26.003030064643625,-0.07999965238096252,Normal
2023-12-15 00:00:00+00:00,132.6000061,129.90938,18,0.005002301712857982,2.690628048242189,2.029131164755044,25.921387563864734,-0.0961899523809393,Normal
2023-12-18 00:00:00+00:00,135.8000031,130.65305,18,0.02413270628047126,5.146957445703123,3.7901011253387247,26.62616344066332,-0.05380902857146452,Normal
2023-12-19 00:00:00+00:00,136.6499939,131.6869,18,0.006259136823244971,4.963088992773436,3.631971616775488,26.372089171235626,0.063809347619042,Normal
2023-12-20 00:00:00+00:00,138.3399963,132.75816,18,0.012367379988591498,5.581832847851558,4.034865546582032,26.60233246153552,0.09952363333334802,Normal
2023-12-21 00:00:00+00:00,140.4199982,131.6869,18,0.015035434116171142,8.733093292773447,6.219266062327471,27.0180267072211,0.1642855714285929,Normal
2023-12-22 00:00:00+00:00,141.4900055,132.75816,18,0.007620049235978366,8.731842047851558,6.171349005885478,26.886019724491195,0.14285714285711038,Normal
2023-12-26 00:00:00+00:00,141.5200043,132.75816,18,0.00021202062925929077,8.761840847851573,6.191238398550255,26.39478983870745,0.23000009047621006,Normal
2023-12-27 00:00:00+00:00,140.3699951,132.75816,18,-0.008126124682431235,7.611831647851574,5.422691396711158,26.589247445882492,0.18857101904762885,Normal
2023-12-28 00:00:00+00:00,140.2299957,132.75816,18,-0.0009973598695383057,7.471832247851552,5.328269612042463,26.555014004744777,0.14428565714285924,Normal
2023-12-29 00:00:00+00:00,139.6900024,132.75816,18,-0.0038507688551543406,6.93183894785156,4.96230140221657,25.880956520073795,0.22380937619047359,Normal
2024-01-02 00:00:00+00:00,138.1699982,132.75816,18,-0.010881266904466669,5.411834747851572,3.9167943970137302,25.284900724196614,0.2685713999999848,Normal
2024-01-03 00:00:00+00:00,138.9199982,132.75816,18,0.005428095894699059,6.161834747851572,4.435527517773587,25.171361299280353,0.33619036190475526,Normal
2024-01-04 00:00:00+00:00,136.3899994,132.75816,18,-0.018211912127709895,3.631835947851556,2.662831559372788,25.016505536014755,0.33904738571430926,Normal
2024-01-05 00:00:00+00:00,135.7299957,132.75816,18,-0.004839091596916645,2.9718322478515518,2.189517676269662,24.833727069141247,0.22571381904759846,Normal
2024-01-08 00:00:00+00:00,138.8399963,132.75816,18,0.02291314152012469,6.081832847851558,4.380461689663383,25.624672158913768,0.4199996190476156,Normal
2024-01-09 00:00:00+00:00,140.9499969,132.75816,18,0.01519735419353374,8.191833447851565,5.8118720312306476,18.769761936027518,0.19142877142857628,Normal
2024-01-10 00:00:00+00:00,142.2799988,132.75816,18,0.009435983889688027,9.52183534785155,6.692321779701582,18.06357382346037,0.3471425380952553,Normal
2024-01-11 00:00:00+00:00,142.0800018,132.75816,18,-0.0014056578696006738,9.321838347851553,6.56097848377952,17.278999562699358,0.41857183333331704,Normal
2024-01-12 00:00:00+00:00,142.6499939,132.75816,18,0.004011768671022153,9.89183044785156,6.934336397368441,16.97529169426323,0.4823804571428525,Normal
2024-01-16 00:00:00+00:00,142.4900055,132.75816,18,-0.0011215450882680056,9.731842047851558,6.829841864138013,17.018674812487568,0.47238086666666845,Normal
2024-01-17 00:00:00+00:00,141.4700012,132.75816,18,-0.007158426981743515,8.711837747851575,6.158081341595108,17.185221467663776,0.45380946666668365,Normal
2024-01-18 00:00:00+00:00,143.4799957,133.8799,19,0.014207920286636533,9.600097628710927,6.6908962339137625,17.585781571458224,0.5180947428571301,Normal
2024-01-19 00:00:00+00:00,146.3800049,133.8799,19,0.020211940945855433,12.500106828710926,8.53949064781793,17.0597536912867,0.5038096095238132,Normal
2024-01-22 00:00:00+00:00,145.9900055,133.8799,19,-0.0026642942133143777,12.110107428710933,8.295161978544439,17.16644163837074,0.4447624571428719,Normal
2024-01-23 00:00:00+00:00,147.0399933,134.89821,19,0.007192189605061738,12.14178468183593,8.257470916136073,16.910247678855654,0.4142855714285645,Normal
2024-01-24 00:00:00+00:00,148.6999969,133.8799,19,0.01128947004651426,14.82009882871094,9.966441921769091,16.620576560479233,0.39428565238094393,Normal
2024-01-25 00:00:00+00:00,151.8699951,134.89821,19,0.02131807845384026,16.97178648183595,11.175207104379467,17.761011928591373,0.4942852190476401,Normal
2024-01-26 00:00:00+00:00,152.1900024,134.89821,19,0.0021071133885879334,17.291793781835935,11.361977468393768,17.729769598232554,0.5080951476190307,Normal
2024-01-29 00:00:00+00:00,153.5099945,134.89821,19,0.008673316769722383,18.611785881835942,12.124152529909669,17.28815618749169,0.625714257142846,Normal
2024-01-30 00:00:00+00:00,151.4600067,134.89821,19,-0.013354099885659165,16.561798081835946,10.934766505484344,18.26967212887142,0.5347624285714403,Normal
2024-01-31 00:00:00+00:00,140.1000061,134.89821,19,-0.07500330184522574,5.201797481835939,3.712917384259799,32.823374967803574,0.019523985714300807,High Volatility
2024-02-01 00:00:00+00:00,141.1600037,134.89821,19,0.007566006808332304,6.261795081835942,4.435955594860856,32.649654675214336,0.14238121428570594,High Volatility
2024-02-02 00:00:00+00:00,142.3800049,134.89821,19,0.008642683253202499,7.481796281835926,5.254808276689368,32.72066843092938,0.16476222380953232,High Volatility
2024-02-05 00:00:00+00:00,143.6799927,134.89821,19,0.009130409855745203,8.781784081835951,6.112043797337937,32.02111156031078,0.34714253809519846,High Volatility
2024-02-06 00:00:00+00:00,144.1000061,134.89821,19,0.0029232559948479953,9.20179748183594,6.385702354134695,31.90403232066602,0.39857192380955553,High Volatility
2024-02-07 00:00:00+00:00,145.5399933,134.89821,19,0.009992971124516803,10.64178468183593,7.3119315457848995,31.196742240990368,0.3190474761904625,High Volatility
2024-02-08 00:00:00+00:00,145.9100037,134.89821,19,0.0025423279994063464,11.011795081835942,7.546977453634278,30.850664826941838,0.2361908000000028,High Volatility
2024-02-09 00:00:00+00:00,149.0,134.89821,19,0.021177412251686345,14.101791381835938,9.464289518010697,31.47692033017899,0.32000005714286317,High Volatility
2024-02-12 00:00:00+00:00,147.5299988,134.89821,19,-0.009865779865771862,12.631790181835925,8.562184155481688,31.740929396900096,0.2595236666666665,High Volatility
2024-02-13 00:00:00+00:00,145.1399994,134.89821,19,-0.016200090960754476,10.241790781835931,7.056490853090034,32.34529939269202,0.11857169047618754,High Volatility
2024-02-14 00:00:00+00:00,145.9400024,134.89821,19,0.005511940218459133,11.041793781835935,7.565981636461817,32.37134457110751,0.1642855666666776,High Volatility
2024-02-15 00:00:00+00:00,142.7700043,134.89821,19,-0.021721241934144264,7.871795681835948,5.513620119598152,33.23489812638483,0.06190490952380401,High Volatility
2024-02-16 00:00:00+00:00,140.5200043,139.82584,20,-0.01575961288949823,0.6941681183593857,0.49399949979889496,33.3158823786907,-0.14095197142859206,High Volatility
2024-02-20 00:00:00+00:00,141.1199951,138.04161,20,0.00426978922317045,3.0783843822265737,2.1813949044181715,32.49815599488895,-0.2504766571428263,High Volatility
2024-02-21 00:00:00+00:00,142.5500031,138.726,20,0.010133276995840657,3.8240051751953104,2.6825710922733124,32.74356391939959,-0.16380963809524474,High Volatility
2024-02-22 00:00:00+00:00,144.0899963,138.726,20,0.010803179000421936,5.363998375195308,3.7226722971296993,32.87997059094283,-0.14047604761904608,High Volatility
2024-02-23 00:00:00+00:00,143.9600067,139.82584,20,-0.0009021417401479104,4.134170518359383,2.8717493233899543,32.58725750748039,-0.22571381904762688,High Volatility
2024-02-26 00:00:00+00:00,137.5700073,139.82584,20,-0.04438732358019559,-2.255828881640639,-1.6397679450007845,34.712032870339485,-0.6809518000000025,High Volatility
2024-02-27 00:00:00+00:00,138.8800049,135.59679,20,0.00952240699633955,3.2832184009765513,2.3640684656805853,34.98286164857977,-0.6338094047619052,High Volatility
2024-02-28 00:00:00+00:00,136.3800049,136.3384,20,-0.018001151438611473,0.041610734960926266,0.030510876569800057,34.975085166415,-0.8157137904761953,High Volatility
2024-02-29 00:00:00+00:00,138.4600067,134.49695,20,0.01525151580339923,3.963058457812508,2.8622405503700645,35.552324828485446,-0.6190476190476204,High Volatility
2024-03-01 00:00:00+00:00,137.1399994,136.3384,20,-0.009533491521924176,0.8016052349609311,0.5845159971328766,24.640950023133758,-0.14095270000001392,Normal
2024-03-04 00:00:00+00:00,133.3500061,134.49695,20,-0.027635943682233877,-1.1469421421874983,-0.8600990549092283,26.09166768936501,-0.37190464761903286,Normal
2024-03-05 00:00:00+00:00,132.6699982,131.53241,20,-0.005099421589002784,1.137588532031259,0.8574572604699553,25.779537907163387,-0.4623812714285691,Normal
2024-03-06 00:00:00+00:00,131.3999939,131.53241,20,-0.009572656344545072,-0.13241576796875165,-0.10077303966202975,25.46174415178626,-0.5847618476190348,Normal
2024-03-07 00:00:00+00:00,134.3800049,129.85162,20,0.022678927993466047,4.528381364843739,3.369832712994446,27.022332498234654,-0.46285720000000197,Normal
2024-03-08 00:00:00+00:00,135.4100037,131.53241,20,0.007664821866664617,3.8775940320312543,2.8635949531631644,26.891038786480276,-0.4823804571428809,Normal
2024-03-11 00:00:00+00:00,137.6699982,133.71205,20,0.01669001135992154,3.9579468083984466,2.874952320874256,27.711837846074715,-0.39238121428570594,Normal
2024-03-12 00:00:00+00:00,138.5,134.49695,20,0.006028922865199737,4.0030517578125,2.8902900778429603,26.545179203337266,-0.5,Normal
2024-03-13 00:00:00+00:00,139.7899933,136.3384,20,0.009314031046931293,3.4515991349609294,2.4691317693631576,26.781440516598344,-0.36857169047618754,Normal
2024-03-14 00:00:00+00:00,143.1000061,136.3384,20,0.023678467405721104,6.761611934960939,4.725095490377438,27.742735004419828,-0.0971425380952553,Normal
2024-03-15 00:00:00+00:00,141.1799927,139.82584,20,-0.013417283844546213,1.3541565183593889,0.959170270844892,27.997334998219543,-0.22666712857142102,Normal
2024-03-18 00:00:00+00:00,147.6799927,138.726,20,0.04604051803439435,8.953994775195326,6.063106187569121,31.437691823575165,0.23380897142857293,High Volatility
2024-03-19 00:00:00+00:00,147.0299988,139.7594,21,-0.00440136736274388,7.270599385937487,4.9449768382488,30.87966424924162,0.30999973809522885,High Volatility
2024-03-20 00:00:00+00:00,148.7400055,140.99327,21,0.011630325198642488,7.746734625976558,5.208238765310895,31.04248313864426,0.36285763809527793,High Volatility
2024-03-21 00:00:00+00:00,147.6000061,139.7594,21,-0.007664376481416713,7.840606685937502,5.312063930827644,31.11691564273859,0.2404763333333051,High Volatility
2024-03-22 00:00:00+00:00,150.7700043,140.99327,21,0.021476951686928203,9.776733425976573,6.484534819355028,31.718084767878924,0.3180956190476536,High Volatility
2024-03-25 00:00:00+00:00,150.0700073,140.99327,21,-0.004642813424659553,9.076736425976549,6.048334766740929,31.792800638284106,0.29095240952378276,High Volatility
2024-03-26 00:00:00+00:00,150.6699982,139.7594,21,0.003998073371187294,10.910598785937509,7.24138774559135,26.907454007251946,0.6238090904761862,Normal
2024-03-27 00:00:00+00:00,150.8699951,139.7594,21,0.0013273837020593149,11.110595685937511,7.364350796573673,26.863535746808587,0.5709519142857289,Normal
2024-03-28 00:00:00+00:00,150.9299927,140.99327,21,0.0003976774835861008,9.936721825976576,6.583662828187877,25.687802432052777,0.6928565619047617,Normal
2024-04-01 00:00:00+00:00,155.4900055,139.7594,21,0.03021276764429337,15.730606085937495,10.116795632846959,26.93540964194022,0.8109523238095164,Normal
2024-04-02 00:00:00+00:00,154.5599976,140.99327,21,-0.005981142627202396,13.566726725976565,8.77764423954453,26.709852561683974,0.8295237238095297,Normal
2024-04-03 00:00:00+00:00,154.9199982,140.99327,21,0.0023291964647391694,13.926727325976572,8.989625282590902,23.840116618881353,1.0271424809523921,Uptrend
2024-04-04 00:00:00+00:00,150.5299988,140.99327,21,-0.028337202756306357,9.53672792597655,6.335433469741416,26.562946999754693,0.8504762190476072,Normal
2024-04-05 00:00:00+00:00,152.5,140.99327,21,0.013087100350126502,11.506729125976562,7.545396148181352,26.025824803020203,1.0047621952380723,Uptrend
2024-04-08 00:00:00+00:00,154.8500061,139.7594,21,0.015409876065573869,15.090606685937502,9.74530583885944,25.600964784254387,0.9747619619047896,Normal
2024-04-09 00:00:00+00:00,156.6000061,140.99327,21,0.011301258837987271,15.606735225976564,9.965986346137544,25.645655411605865,1.0090477333333467,Uptrend
2024-04-10 00:00:00+00:00,156.1399994,140.99327,21,-0.002937462848540795,15.146728525976556,9.70073561174649,25.61929700539343,0.8795238666666592,Normal
2024-04-11 00:00:00+00:00,159.4100037,140.99327,21,0.020942771311423636,18.416732825976567,11.553059656554392,26.12733453273731,0.995714461904754,Normal
2024-04-12 00:00:00+00:00,157.7299957,139.7594,21,-0.010538911994266598,17.97059628593749,11.393264931115123,26.787807267357362,0.8542858285714203,Normal
2024-04-15 00:00:00+00:00,154.8600006,140.99327,21,-0.018195620225962994,13.866729725976569,8.95436502147125,27.21033014786687,0.5599997380952573,Normal
2024-04-16 00:00:00+00:00,154.3999939,140.99327,21,-0.002970468153285055,13.40672302597656,8.683111111169909,26.6062338181062,0.6295238666666592,Normal
2024-04-17 00:00:00+00:00,155.4700012,140.99327,21,0.00693009936705713,14.476730325976575,9.311590798377491,21.933642063849057,0.37095278571425183,Normal
2024-04-18 00:00:00+00:00,156.0099945,145.74147,22,0.0034732957858882862,10.268524163085942,6.581965595214441,21.788715300809656,0.42761884285718565,Normal
2024-04-19 00:00:00+00:00,154.0899963,147.21349,22,-0.012306892299775107,6.876510582226558,4.462658671779433,22.157262084909547,0.254761466666622,Normal
2024-04-22 00:00:00+00:00,156.2799988,145.74147,22,0.014212489795484506,10.538528463085925,6.743363542363891,22.278405151902035,0.4133329857143053,Normal
2024-04-23 00:00:00+00:00,158.2599945,147.21349,22,0.012669540025617154,11.046508782226567,6.979975461977264,21.545857070490353,0.3566662000000065,Normal
2024-04-24 00:00:00+00:00,159.1300049,147.21349,22,0.005497348857799844,11.916519182226551,7.488543213277153,21.41420943103349,0.43142845714285727,Normal
2024-04-25 00:00:00+00:00,156.0,145.74147,22,-0.019669482835540264,10.258529663085938,6.575980553260216,22.78442464471313,0.25380960952381315,Normal
2024-04-26 00:00:00+00:00,171.9499969,145.74147,22,0.10224356987179495,26.20852656308594,15.241946516770156,41.59743036090997,1.0038096095237847,Uptrend
2024-04-29 00:00:00+00:00,166.1499939,147.21349,22,-0.033730753734023455,18.93650818222656,11.397236760432142,43.85337419607275,0.7247619619047896,High Volatility
2024-04-30 00:00:00+00:00,162.7799988,145.74147,22,-0.020282848171684575,17.038528463085925,10.467212549878656,43.67427405972953,0.34714253809519846,High Volatility
2024-05-01 00:00:00+00:00,163.8600006,147.21349,22,0.006634732817064171,16.64651488222657,10.158986220720525,43.58302922358246,0.4428572857142967,High Volatility
2024-05-02 00:00:00+00:00,166.6199951,147.21349,22,0.016843613388831002,19.406509382226574,11.647167178572658,43.838636799318124,0.5571427095238164,High Volatility
2024-05-03 00:00:00+00:00,167.2400055,147.21349,22,0.0037211044186375997,20.026519782226558,11.974718442727244,42.253337593813804,0.7957146047619403,High Volatility
2024-05-06 00:00:00+00:00,168.1000061,147.21349,22,0.005142313870588833,20.886520382226564,12.425056290480743,42.15954293965218,0.7428574333333131,High Volatility
2024-05-07 00:00:00+00:00,171.25,145.74147,22,0.018738808957128317,25.508529663085938,14.895491774064782,42.279002037060806,0.7809520904761769,High Volatility
2024-05-08 00:00:00+00:00,169.3800049,147.21349,22,-0.010919679416058425,22.16651918222655,13.086857091138596,42.57001653211571,0.6085713714285532,High Volatility
2024-05-09 00:00:00+00:00,169.9600067,147.21349,22,0.003424263686510276,22.74652098222657,13.383454980898495,42.49502019005158,0.6580955857143067,High Volatility
2024-05-10 00:00:00+00:00,168.6499939,147.21349,22,-0.007707770936443592,21.43650818222656,12.710648655544695,42.245775065358764,0.4399995333333493,High Volatility
2024-05-13 00:00:00+00:00,169.1399994,145.74147,22,0.002905458154303542,23.39852906308593,13.833823546227311,41.95822187032053,0.5433335095237908,High Volatility
2024-05-14 00:00:00+00:00,170.3399963,147.21349,22,0.007094696134898992,23.126510582226558,13.57667669635059,41.2070117810112,0.7371426523809532,High Volatility
2024-05-15 00:00:00+00:00,172.5099945,147.21349,22,0.012739217137108794,25.296508782226567,14.663793164880406,41.19047854672965,0.8623809809523948,High Volatility
2024-05-16 00:00:00+00:00,174.1799927,147.21349,22,0.009680588100650755,26.966506982226576,15.481977329435596,41.21266206818655,0.890951976190479,High Volatility
2024-05-17 00:00:00+00:00,176.0599976,160.13206,23,0.01079346066593323,15.927932780664065,9.04687776768666,41.24008153991648,0.9547620523809428,High Volatility
2024-05-20 00:00:00+00:00,176.9199982,160.13206,23,0.004884701872789332,16.78793338066407,9.48899703338572,40.70066591063316,1.0871429476190713,Uptrend
2024-05-21 00:00:00+00:00,177.8500061,160.13206,23,0.005256657864921799,17.717941280664064,9.96229444642345,40.616097208829316,1.0271432047618987,Uptrend
2024-05-22 00:00:00+00:00,176.3800049,161.0409,23,-0.008265398648192757,15.339111345312489,8.69662712279043,40.86044694035668,0.8628576380952211,High Volatility
2024-05-23 00:00:00+00:00,173.5500031,160.13206,23,-0.01604491280972853,13.41793828066406,7.731453783341396,41.534996172580954,0.6866665809523909,High Volatility
2024-05-24 00:00:00+00:00,174.9900055,160.13206,23,0.00829733433752966,14.857940680664058,8.490736735626916,40.60808804994448,0.9042859761904651,High Volatility
2024-05-28 00:00:00+00:00,176.3999939,160.13206,23,0.008057536748863114,16.26792908066406,9.222182337424707,20.592832507753183,0.21190461904760127,Normal
2024-05-29 00:00:00+00:00,175.8999939,160.13206,23,-0.0028344672181986885,15.76792908066406,8.964144188446195,16.30593123672143,0.4642857142857224,Normal
2024-05-30 00:00:00+00:00,172.1100006,160.13206,23,-0.021546295801207482,11.977935780664069,6.959465306436161,16.53525196870533,0.44428580000001716,Normal
2024-05-31 00:00:00+00:00,172.5,160.13206,23,0.0022659891850584923,12.367935180664062,7.169817496037139,16.473715492541412,0.4114285428571236,Normal
2024-06-03 00:00:00+00:00,173.1699982,160.13206,23,0.0038840475362318383,13.037933380664072,7.528979336019923,15.64282750243651,0.31190490952383243,Normal
2024-06-04 00:00:00+00:00,173.7899933,160.13206,23,0.0035802685594761297,13.657928480664054,7.858869329195178,15.640819627169266,0.3119041809523537,Normal
2024-06-05 00:00:00+00:00,175.4100037,160.13206,23,0.009321655230192238,15.277938880664067,8.709844682971218,15.816756385926597,0.3480951238095429,Normal
2024-06-06 00:00:00+00:00,176.7299957,160.13206,23,0.007525180845771695,16.59793088066405,9.391688612293704,14.770723322818876,0.2609521761904432,Low Volatility
2024-06-07 00:00:00+00:00,174.4600067,160.13206,23,-0.012844390059587263,14.32794188066407,8.212737206471786,14.988772599768726,0.24190484761908237,Low Volatility
2024-06-10 00:00:00+00:00,175.0099945,161.0409,23,0.0031525150686584347,13.969100945312505,7.981887540321307,14.984559552208912,0.24047560952379854,Low Volatility
2024-06-11 00:00:00+00:00,176.6199951,160.13206,23,0.00919947803323895,16.487930280664074,9.335256900742646,14.82812557472494,0.37952386666665916,Low Volatility
2024-06-12 00:00:00+00:00,177.7899933,161.0409,23,0.00662438134106802,16.749099745312492,9.420721287193217,14.904823900573168,0.4119044714285849,Low Volatility
2024-06-13 00:00:00+00:00,175.1600037,160.13206,23,-0.01479267506108839,15.027938880664067,8.57954930533269,15.932902154516176,0.2295241619047772,Normal
2024-06-14 00:00:00+00:00,176.7899933,161.0409,23,0.00930571800393265,15.749099745312492,8.90836605134511,15.66657947425524,0.20380946666665523,Normal
2024-06-17 00:00:00+00:00,177.2400055,160.13206,23,0.00254546194385763,17.107940680664058,9.652414889292055,15.372969228785744,0.14571489523808623,Normal
2024-06-18 00:00:00+00:00,175.0899963,168.8362,24,-0.01213049612549244,6.253799400585933,3.571762826398514,15.55922167006101,-0.04619053809523166,Normal
2024-06-20 00:00:00+00:00,176.3000031,167.75177,24,0.006910770606944228,8.548233080468748,4.848685723289558,15.658440638282437,-0.029523576190484846,Normal
2024-06-21 00:00:00+00:00,179.6300049,168.8362,24,0.018888268527772922,10.793808000585926,6.008911488141883,16.910259493863805,0.08476184761903482,Normal
2024-06-24 00:00:00+00:00,179.2200012,168.8362,24,-0.0022824900563145345,10.38380430058595,5.793886971911229,16.6431275573976,0.13523791904765403,Normal
2024-06-25 00:00:00+00:00,184.0299988,167.75177,24,0.026838508915264736,16.278228780468737,8.845421337072104,17.762039810182856,0.499047414285684,Normal
2024-06-26 00:00:00+00:00,183.8800049,167.75177,24,-0.0008150513556379746,16.12823488046874,8.771065069983985,17.69062505945458,0.42333330476193964,Normal
2024-06-27 00:00:00+00:00,185.4100037,167.75177,24,0.008320637150472487,17.658233680468754,9.523884001987511,17.70141775560981,0.4290480857142711,Normal
2024-06-28 00:00:00+00:00,182.1499939,168.8362,24,-0.01758270716220267,13.313797000585936,7.309249215728871,18.94789038063149,0.2976190476190368,Normal
2024-07-01 00:00:00+00:00,182.9900055,168.8362,24,0.004611647697672527,14.153808600585933,7.734744070809885,16.96131515493617,0.5180954714285804,Normal
2024-07-02 00:00:00+00:00,185.2400055,168.8362,24,0.012295753496766704,16.403808600585933,8.85543517249892,17.261503481635778,0.6066669285714283,Normal
2024-07-03 00:00:00+00:00,185.8200073,168.8362,24,0.003131082826490106,16.983810400585924,9.139925591094261,17.261116418740492,0.6023813857142954,Normal
2024-07-05 00:00:00+00:00,190.6000061,167.75177,24,0.025723811280896625,22.84823608046875,11.987531662764596,18.91256788243421,0.8004768000000126,Normal
2024-07-08 00:00:00+00:00,189.0299988,168.8362,24,-0.008237183891674715,20.193801900585925,10.68285564660646,19.319194176610722,0.6485711952380484,Normal
2024-07-09 00:00:00+00:00,188.9799957,168.8362,24,-0.00026452468030169207,20.143798800585927,10.659222806081337,19.3101354880835,0.5833333333333712,Normal
2024-07-10 00:00:00+00:00,191.1799927,167.75177,24,0.011641427929189208,23.428222680468764,12.254536863191733,18.585379116857087,0.7961898095238098,Normal
2024-07-11 00:00:00+00:00,185.5700073,168.8362,24,-0.029343998400518934,16.733810400585924,9.017518856661663,21.96865473339916,0.502857752380919,Normal
2024-07-12 00:00:00+00:00,185.0700073,167.75177,24,-0.002694400928656915,17.318237280468736,9.357668232214273,21.924228597773478,0.4023815333333687,Normal
2024-07-15 00:00:00+00:00,186.5299988,168.8362,24,0.00788886066035177,17.693801900585925,9.485767444601477,21.95986452274771,0.41619073809522433,Normal
2024-07-16 00:00:00+00:00,183.9199982,167.75177,24,-0.013992390590204518,16.16822818046876,8.790902750492066,21.882629397993036,0.41714259523809005,Normal
2024-07-17 00:00:00+00:00,181.0200043,168.8362,24,-0.0157676920855907,12.183807400585948,6.730641427007162,22.60010463848275,0.2014290952380975,Normal
2024-07-18 00:00:00+00:00,177.6900024,168.8362,24,-0.018395767433975307,8.853805500585935,4.982725747650693,23.588358027635543,0.0214284238095388,Normal
2024-07-19 00:00:00+00:00,177.6600037,173.64972,25,-0.00016882604307955074,4.010284461718754,2.2572804110094444,23.158886133920554,0.12238130476188758,Normal
2024-07-22 00:00:00+00:00,181.6699982,174.7324,25,0.02257117199418368,6.937591583789072,3.818787720882507,24.287798919999265,0.25571405238093803,Normal
2024-07-23 00:00:00+00:00,181.7899933,176.87094,25,0.0006605113733082479,4.919052137890617,2.7058981897716023,23.45390335960602,0.10285659047622175,Normal
2024-07-24 00:00:00+00:00,172.6300049,176.87094,25,-0.05038774815775304,-4.240936262109386,-2.4566623076712815,29.387252235241622,-0.3138093476190704,Normal
2024-07-25 00:00:00+00:00,167.2799988,171.99628,25,-0.03099117157008202,-4.716278055468763,-2.8193914928870525,29.158737622270753,-0.7976190476190368,Normal
2024-07-26 00:00:00+00:00,167.0,168.21754,25,-0.0016738331062206013,-1.2175445556640625,-0.7290685962060254,29.14705593471862,-0.803809757142858,Normal
2024-07-29 00:00:00+00:00,169.5299988,165.25742,25,0.015149693413173626,4.272583028515612,2.520251907484596,29.615187693693457,-0.7561907095238496,Normal
2024-07-30 00:00:00+00:00,170.2899933,167.84288,25,0.00448294995210019,2.4471130509765544,1.4370269230473653,29.33330605751222,-0.5647619333332727,Normal
2024-07-31 00:00:00+00:00,171.5399933,169.32303,25,0.007340419573555801,2.216964735546867,1.2923894264526983,29.437993276145868,-0.5452386761905075,Normal
2024-08-01 00:00:00+00:00,170.7599945,169.32303,25,-0.004547037603271131,1.4369659355468798,0.8415120530745155,28.91563156457515,-0.6895243333333099,Normal
2024-08-02 00:00:00+00:00,166.6600037,169.32303,25,-0.024010253759992994,-2.6630248644531207,-1.597878798350897,29.626561336766333,-0.9123811238095527,Normal
2024-08-05 00:00:00+00:00,159.25,166.3401,25,-0.044461799684935466,-7.0901031494140625,-4.4521840812647175,30.420995530714638,-1.4928574333333415,Downtrend
2024-08-06 00:00:00+00:00,158.2899933,157.39763,25,-0.006028299529042491,0.8923645158203044,0.5637529557089851,30.43158447335872,-1.4638097857142611,Downtrend
2024-08-07 00:00:00+00:00,158.9400024,158.48032,25,0.004106444674415233,0.45968623789062235,0.2892199766889033,30.61300962815415,-1.4304758714285697,Downtrend
2024-08-08 00:00:00+00:00,162.0299988,158.48032,25,0.019441275659625834,3.549682637890612,2.1907564427449793,31.354768443895566,-1.388094947619038,Downtrend
2024-08-09 00:00:00+00:00,163.6699982,158.48032,25,0.010121578794951125,5.189682037890634,3.170820611575368,30.892601854008365,-1.042857576190471,Downtrend
2024-08-12 00:00:00+00:00,162.2899933,163.38542,25,-0.008431630202095364,-1.0954284529296956,-0.6749821296158102,30.884353207526015,-1.0847625714285982,Downtrend
2024-08-13 00:00:00+00:00,164.1600037,158.48032,25,0.011522647588894985,5.679687537890629,3.4598485683943907,31.11581133117448,-1.0652378619047624,Downtrend
2024-08-14 00:00:00+00:00,160.3699951,164.46811,25,-0.02308728383636116,-4.098114030859364,-2.5554119573951173,31.570791379843538,-1.1214287190476284,Downtrend
2024-08-15 00:00:00+00:00,161.3000031,158.48032,25,0.005799139667118425,2.819686937890623,1.7481009818347752,31.640808353679684,-0.9390476761904551,High Volatility
2024-08-16 00:00:00+00:00,162.9600067,158.48032,25,0.010291404637920998,4.479690537890633,2.748950879793154,31.703568448877466,-0.7014283666666756,High Volatility
2024-08-19 00:00:00+00:00,166.6699982,162.08885,26,0.022766269927994465,4.581146271289072,2.748632819802281,33.013839701218494,-0.5233335952380855,High Volatility
2024-08-20 00:00:00+00:00,167.1799927,164.53134,26,0.003059905834930321,2.648651147265639,1.5843110796269575,31.79179088543846,-0.6900002619047427,High Volatility
2024-08-21 00:00:00+00:00,165.8500061,166.42763,26,-0.00795541726327642,-0.5776214634765608,-0.34827943456829386,31.78107611543368,-0.7590470095238402,High Volatility
2024-08-22 00:00:00+00:00,163.8000031,165.7078,26,-0.012360584411217568,-1.9077910894531271,-1.1647076027760632,27.21455196118087,-0.42047627619047034,Normal
2024-08-23 00:00:00+00:00,165.6199951,164.53134,26,0.01111106206077972,1.0886535472656362,0.6573201180257952,25.485799253191576,-0.0790477952380968,Normal
2024-08-26 00:00:00+00:00,166.1600037,165.7078,26,0.0032605278105095614,0.4522095105468793,0.2721530455447861,25.510828522616496,-0.039999823809523605,Normal
2024-08-27 00:00:00+00:00,164.6799927,165.7078,26,-0.008907143518557814,-1.0278014894531111,-0.6241204366127658,25.05407356176162,-0.2309526714285539,Normal
2024-08-28 00:00:00+00:00,162.8500061,165.7078,26,-0.011112379652176263,-2.8577880894531233,-1.7548590619629847,25.185661798190072,-0.35428510476191377,Normal
2024-08-29 00:00:00+00:00,161.7799988,163.2653,26,-0.006570508197236147,-1.4853057654297004,-0.9181022230479214,24.995646406368344,-0.46476164285715527,Normal
2024-08-30 00:00:00+00:00,163.3800049,163.2653,26,0.009890011817703215,0.11470033457030127,0.0702046340618645,25.356484945962336,-0.3514280761904729,Normal
2024-09-03 00:00:00+00:00,157.3600006,163.2653,26,-0.036846640466712266,-5.905303965429681,-3.752735093361255,27.092262835523766,-0.4428572904761836,Normal
2024-09-04 00:00:00+00:00,156.4499969,158.63402,26,-0.00578294164038029,-2.1840210443359354,-1.3959866331809019,22.480889555003603,-0.13333348095238762,Normal
2024-09-05 00:00:00+00:00,157.2400055,158.63402,26,0.005049591662855457,-1.3940124443359423,-0.8865507476314242,22.4805855598045,-0.04999941904762295,Normal
2024-09-06 00:00:00+00:00,150.9199982,158.63402,26,-0.040193380049201144,-7.714019744335928,-5.1113303977868245,26.316674540504025,-0.38190496190475187,Normal
2024-09-09 00:00:00+00:00,148.7100067,153.93791,26,-0.014643463598981166,-5.227905287304679,-3.515503363436187,25.396390586576572,-0.6342853380952533,Normal
2024-09-10 00:00:00+00:00,148.6600037,148.42854,26,-0.0003362450255339766,0.2314606091796918,0.15569797081855702,24.920033242928557,-0.7147616428571268,Normal
2024-09-11 00:00:00+00:00,151.1600037,148.42854,26,0.016816897200171432,2.731460609179692,1.8069995649118205,25.92645744178357,-0.5299995047619177,Normal
2024-09-12 00:00:00+00:00,154.6900024,153.93791,26,0.023352729648021153,0.7520904126953099,0.4861919975607356,27.074197680662493,-0.45095244285712965,Normal
2024-09-13 00:00:00+00:00,157.4600067,153.93791,26,0.017906808824252884,3.5220947126953206,2.2368185969950938,26.90566197728495,-0.13857087619049935,Normal
2024-09-16 00:00:00+00:00,158.0599976,158.63402,26,0.003810433598819385,-0.5740203443359349,-0.36316610973802443,26.853591235066578,-0.1542859761904367,Normal
2024-09-17 00:00:00+00:00,159.3200073,158.63402,26,0.007971717823181734,0.6859893556640486,0.43057326401719836,26.744363215870205,-0.17333330476191122,Normal
2024-09-18 00:00:00+00:00,159.8099976,158.426,27,0.003075510152829475,1.3840027269531276,0.8660301281132913,25.38035303567363,-0.3266666952381172,Normal
2024-09-19 00:00:00+00:00,162.1399994,158.426,27,0.014579825010897718,3.7140045269531186,2.2906158509293286,25.969547822600482,-0.23999968095236568,Normal
2024-09-20 00:00:00+00:00,163.5899963,160.74278,27,0.008942869775291351,2.847213707226558,1.7404571010596437,26.085643336190262,-0.10761951428574434,Normal
2024-09-23 00:00:00+00:00,161.8500061,162.47005,27,-0.010636287299677583,-0.6200408970703108,-0.38309599857983,25.993728450611187,-0.09285699999998087,Normal
2024-09-24 00:00:00+00:00,162.2899933,160.74278,27,0.002718487385957369,1.5472107072265544,0.9533617420061563,25.684516085675067,-0.15857151428571115,Normal
2024-09-25 00:00:00+00:00,161.4900055,160.74278,27,-0.004929372315156777,0.7472229072265577,0.4627053574696656,25.67643031278503,-0.22238086666666845,Normal
2024-09-26 00:00:00+00:00,162.7299957,160.74278,27,0.007678433078014857,1.9872131072265518,1.2211719779616217,25.694442895647327,-0.0928570000000093,Normal
2024-09-27 00:00:00+00:00,163.9499969,162.06183,27,0.007497088626789772,1.8881682867187521,1.1516732677161472,25.52874513998042,0.05238051428571566,Normal
2024-09-30 00:00:00+00:00,165.8500061,162.47005,27,0.011588955388385225,3.379959102929689,2.037961398018718,25.67456074762051,0.1938098714285843,Normal
2024-10-01 00:00:00+00:00,166.9900055,163.7891,27,0.006873677166539416,3.20091248242187,1.916828778367739,25.56859582976219,0.17190479047619078,Normal
2024-10-02 00:00:00+00:00,165.8600006,167.76898,27,-0.006766901387999513,-1.9089813335937436,-1.1509594397009448,21.77579943936757,0.404761904761898,Normal
2024-10-03 00:00:00+00:00,165.8600006,163.7891,27,0.0,2.0709075824218814,1.2485877094720579,21.586658689319144,0.4480954142857172,Normal
2024-10-04 00:00:00+00:00,167.0599976,163.7891,27,0.007234999370909101,3.2709045824218776,1.9579220815347824,21.627644658439323,0.4676186714285677,Normal
2024-10-07 00:00:00+00:00,162.9799957,168.87343,27,-0.024422374946807768,-5.893432644726573,-3.616046631621413,18.05617164774397,0.5742855952381092,Normal
2024-10-08 00:00:00+00:00,164.3800049,162.06183,27,0.00859006771958093,2.3181762867187388,1.4102544212290256,16.829486632533904,0.7461903904761868,Normal
2024-10-09 00:00:00+00:00,161.8600006,163.7891,27,-0.015330357859114407,-1.9290924175781186,-1.1918277588206796,18.159082622224528,0.6285712809523716,Normal
2024-10-10 00:00:00+00:00,162.0800018,162.06183,27,0.001359206716819772,0.018173186718740908,0.011212479341631467,17.577615269328025,0.5199999095238184,Normal
2024-10-11 00:00:00+00:00,163.2400055,162.06183,27,0.00715698227491024,1.1781768867187452,0.7217451893057828,16.09211016372434,0.4071430047618776,Normal
2024-10-14 00:00:00+00:00,164.9600067,162.06183,27,0.010536640174274137,2.898178086718758,1.7568974108915079,15.397135443393891,0.3571428571428896,Normal
2024-10-15 00:00:00+00:00,165.4600067,163.7891,27,0.003031037704243733,1.670913682421883,1.0098595520133524,15.38963315269663,0.352381385714267,Normal
2024-10-16 00:00:00+00:00,165.1600037,163.7891,27,-0.0018131450976183183,1.3709106824218793,0.8300500434185201,15.302379550567416,0.2780950666666797,Normal
2024-10-17 00:00:00+00:00,162.9299927,164.98763,28,-0.013502124909434032,-2.0576324220702986,-1.2628935826806176,16.17548802164577,0.14857119523810525,Normal
2024-10-18 00:00:00+00:00,163.4199982,162.75385,28,0.0030074603937546573,0.6661529851562591,0.40763247613122244,15.428213321593812,0.06095232380951643,Normal
2024-10-21 00:00:00+00:00,164.0700073,162.75385,28,0.00397753706498305,1.3161620851562361,0.8021954206106969,15.176418333534796,0.022857666666681098,Normal
2024-10-22 00:00:00+00:00,165.1399994,164.98763,28,0.006521558190971222,0.15237427792968106,0.09226975807393703,14.794223312679986,0.15666634761902287,Low Volatility
2024-10-23 00:00:00+00:00,162.7799988,163.73904,28,-0.01429090837213609,-0.9590453894531379,-0.5891666030981307,15.691492060581968,0.023333595238085536,Normal
2024-10-24 00:00:00+00:00,162.7200012,161.50526,28,-0.000368580909462235,1.2147369177734504,0.7465197325560555,15.5831564269932,0.05857122380953683,Normal
2024-10-25 00:00:00+00:00,165.2700043,162.75385,28,0.015671110380989894,2.5161590851562607,1.522453572754134,16.28328367039868,0.12095279047619556,Normal
2024-10-28 00:00:00+00:00,166.7200012,164.98763,28,0.008773503129871907,1.7323760779297004,1.0390931294749177,16.355390446909393,0.13190496666666718,Normal
2024-10-29 00:00:00+00:00,169.6799927,163.73904,28,0.017754267506567167,5.940948510546889,3.501266363825632,16.99253950385226,0.182380314285723,Normal
2024-10-30 00:00:00+00:00,174.4600067,168.47136,28,0.028170757930495727,5.988647447070321,3.432676382598305,19.337332600680636,0.35571434285711234,Normal
2024-10-31 00:00:00+00:00,171.1100006,173.53355,28,-0.01920214359363548,-2.423553477148431,-1.4163716139618965,20.504935689481982,0.2500000000000284,Normal
2024-11-01 00:00:00+00:00,171.2899933,167.22278,28,0.0010519122165206785,4.067214979687492,2.374461520682126,20.498059342659356,0.2585710809523789,Normal
2024-11-04 00:00:00+00:00,169.2400055,167.22278,28,-0.011967936716592797,2.017227179687495,1.1919328256506676,20.90987934075521,0.10380989999998746,Normal
2024-11-05 00:00:00+00:00,169.7400055,167.22278,28,0.0029543842102983664,2.517227179687495,1.4829899246630431,18.810693193177354,0.32190522857143833,Normal
2024-11-06 00:00:00+00:00,176.5099945,167.22278,28,0.03988446318272332,9.287216179687505,5.261580912738347,22.87581447229325,0.5776185523809261,Normal
2024-11-07 00:00:00+00:00,180.75,174.44124,28,0.024021333817445756,6.3087615966796875,3.490324534815872,22.85726745103919,0.8995237809523928,Normal
2024-11-08 00:00:00+00:00,178.3500061,175.36325,28,-0.013277974550484073,2.9867553675781267,1.6746595264501798,23.72658672190518,0.774762109523806,Normal
2024-11-11 00:00:00+00:00,180.3500061,176.61183,28,0.011213904858958124,3.738174434960939,2.0727331901991763,23.821576866708696,0.8147619333333296,Normal
2024-11-12 00:00:00+00:00,181.6199951,176.61183,28,0.007041801813390647,5.008163434960949,2.7574956337838534,23.747366801017154,0.7933327809523973,Normal
2024-11-13 00:00:00+00:00,178.8800049,177.47977,28,-0.015086390672411243,1.4002380542968638,0.7827806439739559,24.71711528344539,0.6390475333333256,Normal
2024-11-14 00:00:00+00:00,175.5800018,176.61183,28,-0.01844813847050608,-1.0318298650390716,-0.5876693555422162,25.842206452071554,0.49619038571427154,Normal
2024-11-15 00:00:00+00:00,172.4900055,174.07939,29,-0.017598794101390647,-1.5893859794921923,-0.9214365637504675,26.209043025719573,0.45523870476191064,Normal
2024-11-18 00:00:00+00:00,175.3000031,172.30704,29,0.01629078503333914,2.992965746484373,1.7073392433296384,26.61995672461954,0.5657145190476456,Normal
2024-11-19 00:00:00+00:00,178.1199951,172.97473,29,0.01608666257918623,5.145263654687511,2.8886502336803126,26.97656581454917,0.6690470380952149,Normal
2024-11-20 00:00:00+00:00,175.9799957,175.94418,29,-0.012014369295252791,0.035812350390614256,0.020350239382699486,27.521852698196174,0.5161903000000336,Normal
2024-11-21 00:00:00+00:00,167.6300049,172.97473,29,-0.04744852258227439,-5.344726545312511,-3.188406841902151,32.176354245383074,0.2309526714285255,High Volatility
2024-11-22 00:00:00+00:00,164.7599945,165.43568,29,-0.017121101927498605,-0.6756897041015577,-0.41010544225379764,32.82204053158077,0.0971425380952553,High Volatility
2024-11-25 00:00:00+00:00,167.6499939,164.20036,29,0.01754066215388228,3.449630740820311,2.0576384529294702,32.934982715191346,0.11333283809526051,High Volatility
2024-11-26 00:00:00+00:00,169.1199951,166.54034,29,0.008768274700187817,2.5796508617187612,1.5253375925143702,32.934825007243525,0.11428542380949125,High Volatility
2024-11-27 00:00:00+00:00,169.2299957,169.63286,29,0.0006504292998290584,-0.40286257636719824,-0.23805624688507765,32.35898958499962,-0.021428428571425684,High Volatility
2024-11-29 00:00:00+00:00,168.9499969,169.63286,29,-0.0016545459263400675,-0.6828613763671854,-0.4041795731854111,30.702764286407096,-0.2623814190475855,High Volatility
2024-12-02 00:00:00+00:00,171.4900055,168.5282,29,0.015034084916280888,2.961807257812495,1.7271019667746732,30.484092648487447,0.018095471428551946,High Volatility
2024-12-03 00:00:00+00:00,171.3399963,168.5282,29,-0.0008747401900339735,2.8117980578124957,1.641063451927071,30.485267154216185,0.002381095238092712,High Volatility
2024-12-04 00:00:00+00:00,174.3699951,168.5282,29,0.01768413018227677,5.841796857812511,3.350230556846825,30.72476847389163,0.2442852190476401,High Volatility
2024-12-05 00:00:00+00:00,172.6399994,172.97473,29,-0.009921407057492226,-0.33473204531250644,-0.19389020300964302,30.9760925239677,0.13809494761900964,High Volatility
2024-12-06 00:00:00+00:00,174.7100067,171.20238,29,0.011990311093571515,3.5076293806640706,2.0076865927245544,27.919168492246165,-0.08571370476187212,Normal
2024-12-09 00:00:00+00:00,175.3699951,172.97473,29,0.003777622200732189,2.3952636546875112,1.3658343625553941,26.540226330612043,-0.25619070952382117,Normal
2024-12-10 00:00:00+00:00,185.1699982,172.97473,29,0.05588186904157588,12.195266754687509,6.585984162248325,32.70556611608438,0.3247615285714289,High Volatility
2024-12-11 00:00:00+00:00,195.3999939,176.69635,29,0.05524650753061344,18.70364380234375,9.571977679751477,37.47889500318322,0.7166660857142801,High Volatility
2024-12-12 00:00:00+00:00,191.9600067,176.69635,29,-0.017604848041911758,15.263656602343758,7.95147742737798,38.19960413697693,0.4923815047619087,High Volatility
2024-12-13 00:00:00+00:00,189.8200073,176.69635,29,-0.011148152351049156,13.123657202343736,6.913737592266828,37.98956987704948,0.5209524952381059,High Volatility
2024-12-16 00:00:00+00:00,196.6600037,176.69635,29,0.03603411725292882,19.963653602343754,10.151354228996059,38.77561929295397,1.0038096142857285,Uptrend
